user_id,pay_date,amount
1,2023-07-09,10
1,2023-08-08,10
1,2023-09-07,10
1,2023-10-07,10
1,2023-11-06,10
1,2023-12-06,10
2,2023-04-02,10
2,2023-05-02,10
2,2023-06-01,10
2,2023-07-01,10
2,2023-07-31,10
2,2023-08-30,10
2,2023-09-29,10
2,2023-10-29,10
2,2023-11-28,10
3,2023-07-14,10
3,2023-08-13,10
3,2023-09-12,10
3,2023-10-12,10
3,2023-11-11,10
4,2023-07-05,10
4,2023-08-04,10
4,2023-09-03,10
4,2023-10-03,10
4,2023-11-02,10
4,2023-12-02,10
5,2023-07-16,10
6,2023-02-23,10
6,2023-03-25,10
6,2023-04-24,10
6,2023-05-24,10
6,2023-06-23,10
6,2023-07-23,10
7,2023-04-27,10
7,2023-05-27,10
7,2023-06-26,10
7,2023-07-26,10
7,2023-08-25,10
7,2023-09-24,10
8,2023-03-16,10
8,2023-04-15,10
8,2023-05-15,10
8,2023-06-14,10
8,2023-07-14,10
8,2023-08-13,10
9,2023-07-10,10
9,2023-08-09,10
9,2023-09-08,10
9,2023-10-08,10
9,2023-11-07,10
9,2023-12-07,10
10,2023-02-24,10
10,2023-03-26,10
11,2023-03-16,10
11,2023-04-15,10
11,2023-05-15,10
11,2023-06-14,10
11,2023-07-14,10
11,2023-08-13,10
11,2023-09-12,10
11,2023-10-12,10
12,2023-03-18,10
12,2023-04-17,10
12,2023-05-17,10
12,2023-06-16,10
12,2023-07-16,10
12,2023-08-15,10
13,2023-04-18,10
13,2023-05-18,10
13,2023-06-17,10
13,2023-07-17,10
13,2023-08-16,10
13,2023-09-15,10
13,2023-10-15,10
13,2023-11-14,10
13,2023-12-14,10
14,2023-01-11,10
14,2023-02-10,10
14,2023-03-12,10
14,2023-04-11,10
14,2023-05-11,10
14,2023-06-10,10
15,2023-01-27,10
15,2023-02-26,10
15,2023-03-28,10
15,2023-04-27,10
16,2023-06-24,10
16,2023-07-24,10
17,2023-05-01,10
17,2023-05-31,10
17,2023-06-30,10
17,2023-07-30,10
17,2023-08-29,10
17,2023-09-28,10
17,2023-10-28,10
18,2023-06-29,10
18,2023-07-29,10
18,2023-08-28,10
18,2023-09-27,10
18,2023-10-27,10
18,2023-11-26,10
18,2023-12-26,10
19,2023-03-14,10
19,2023-04-13,10
20,2023-05-28,10
20,2023-06-27,10
20,2023-07-27,10
21,2023-07-05,10
21,2023-08-04,10
21,2023-09-03,10
22,2023-02-03,10
22,2023-03-05,10
22,2023-04-04,10
22,2023-05-04,10
22,2023-06-03,10
22,2023-07-03,10
22,2023-08-02,10
23,2023-06-23,10
23,2023-07-23,10
24,2023-01-10,10
25,2023-06-24,10
25,2023-07-24,10
25,2023-08-23,10
25,2023-09-22,10
25,2023-10-22,10
25,2023-11-21,10
25,2023-12-21,10
26,2023-06-02,10
26,2023-07-02,10
26,2023-08-01,10
27,2023-03-21,10
27,2023-04-20,10
27,2023-05-20,10
27,2023-06-19,10
28,2023-05-25,10
29,2023-03-03,10
29,2023-04-02,10
29,2023-05-02,10
29,2023-06-01,10
29,2023-07-01,10
29,2023-07-31,10
30,2023-02-05,10
30,2023-03-07,10
31,2023-03-10,10
31,2023-04-09,10
31,2023-05-09,10
31,2023-06-08,10
31,2023-07-08,10
31,2023-08-07,10
31,2023-09-06,10
31,2023-10-06,10
31,2023-11-05,10
32,2023-01-11,10
32,2023-02-10,10
32,2023-03-12,10
32,2023-04-11,10
32,2023-05-11,10
32,2023-06-10,10
32,2023-07-10,10
32,2023-08-09,10
32,2023-09-08,10
33,2023-02-11,10
33,2023-03-13,10
33,2023-04-12,10
34,2023-04-15,10
34,2023-05-15,10
34,2023-06-14,10
35,2023-04-19,10
35,2023-05-19,10
35,2023-06-18,10
35,2023-07-18,10
36,2023-03-03,10
36,2023-04-02,10
36,2023-05-02,10
36,2023-06-01,10
36,2023-07-01,10
37,2023-04-07,10
37,2023-05-07,10
38,2023-02-02,10
39,2023-02-17,10
39,2023-03-19,10
39,2023-04-18,10
39,2023-05-18,10
39,2023-06-17,10
39,2023-07-17,10
39,2023-08-16,10
39,2023-09-15,10
39,2023-10-15,10
40,2023-02-04,10
40,2023-03-06,10
40,2023-04-05,10
40,2023-05-05,10
40,2023-06-04,10
41,2023-07-07,10
41,2023-08-06,10
41,2023-09-05,10
41,2023-10-05,10
41,2023-11-04,10
42,2023-03-31,10
42,2023-04-30,10
42,2023-05-30,10
42,2023-06-29,10
42,2023-07-29,10
43,2023-03-02,10
43,2023-04-01,10
43,2023-05-01,10
43,2023-05-31,10
44,2023-04-30,10
44,2023-05-30,10
44,2023-06-29,10
44,2023-07-29,10
44,2023-08-28,10
44,2023-09-27,10
44,2023-10-27,10
44,2023-11-26,10
45,2023-06-16,10
45,2023-07-16,10
45,2023-08-15,10
45,2023-09-14,10
45,2023-10-14,10
45,2023-11-13,10
45,2023-12-13,10
46,2023-07-05,10
46,2023-08-04,10
46,2023-09-03,10
46,2023-10-03,10
46,2023-11-02,10
47,2023-06-22,10
48,2023-07-02,10
48,2023-08-01,10
48,2023-08-31,10
48,2023-09-30,10
48,2023-10-30,10
49,2023-06-16,10
49,2023-07-16,10
50,2023-06-17,10
50,2023-07-17,10
50,2023-08-16,10
50,2023-09-15,10
50,2023-10-15,10
50,2023-11-14,10
50,2023-12-14,10
51,2023-05-11,10
51,2023-06-10,10
52,2023-04-27,10
52,2023-05-27,10
52,2023-06-26,10
52,2023-07-26,10
52,2023-08-25,10
52,2023-09-24,10
52,2023-10-24,10
52,2023-11-23,10
52,2023-12-23,10
53,2023-02-25,10
53,2023-03-27,10
53,2023-04-26,10
53,2023-05-26,10
53,2023-06-25,10
53,2023-07-25,10
53,2023-08-24,10
53,2023-09-23,10
53,2023-10-23,10
54,2023-02-01,10
54,2023-03-03,10
54,2023-04-02,10
54,2023-05-02,10
54,2023-06-01,10
54,2023-07-01,10
54,2023-07-31,10
55,2023-06-22,10
55,2023-07-22,10
55,2023-08-21,10
55,2023-09-20,10
55,2023-10-20,10
55,2023-11-19,10
55,2023-12-19,10
56,2023-06-05,10
56,2023-07-05,10
56,2023-08-04,10
57,2023-07-06,10
57,2023-08-05,10
57,2023-09-04,10
57,2023-10-04,10
57,2023-11-03,10
57,2023-12-03,10
58,2023-06-01,10
58,2023-07-01,10
58,2023-07-31,10
58,2023-08-30,10
58,2023-09-29,10
58,2023-10-29,10
59,2023-04-24,10
59,2023-05-24,10
59,2023-06-23,10
59,2023-07-23,10
60,2023-01-05,10
60,2023-02-04,10
60,2023-03-06,10
61,2023-01-14,10
61,2023-02-13,10
61,2023-03-15,10
61,2023-04-14,10
61,2023-05-14,10
61,2023-06-13,10
61,2023-07-13,10
61,2023-08-12,10
62,2023-06-12,10
63,2023-02-10,10
63,2023-03-12,10
63,2023-04-11,10
63,2023-05-11,10
63,2023-06-10,10
63,2023-07-10,10
64,2023-06-29,10
64,2023-07-29,10
64,2023-08-28,10
64,2023-09-27,10
64,2023-10-27,10
64,2023-11-26,10
64,2023-12-26,10
65,2023-01-16,10
65,2023-02-15,10
65,2023-03-17,10
65,2023-04-16,10
65,2023-05-16,10
65,2023-06-15,10
66,2023-04-21,10
66,2023-05-21,10
66,2023-06-20,10
67,2023-01-02,10
67,2023-02-01,10
67,2023-03-03,10
67,2023-04-02,10
67,2023-05-02,10
67,2023-06-01,10
67,2023-07-01,10
67,2023-07-31,10
68,2023-07-08,10
68,2023-08-07,10
68,2023-09-06,10
68,2023-10-06,10
68,2023-11-05,10
68,2023-12-05,10
69,2023-04-07,10
69,2023-05-07,10
69,2023-06-06,10
69,2023-07-06,10
69,2023-08-05,10
69,2023-09-04,10
69,2023-10-04,10
70,2023-05-08,10
70,2023-06-07,10
70,2023-07-07,10
70,2023-08-06,10
70,2023-09-05,10
70,2023-10-05,10
71,2023-04-26,10
71,2023-05-26,10
71,2023-06-25,10
71,2023-07-25,10
71,2023-08-24,10
71,2023-09-23,10
71,2023-10-23,10
71,2023-11-22,10
71,2023-12-22,10
72,2023-07-04,10
72,2023-08-03,10
72,2023-09-02,10
72,2023-10-02,10
72,2023-11-01,10
72,2023-12-01,10
73,2023-07-17,10
73,2023-08-16,10
73,2023-09-15,10
73,2023-10-15,10
73,2023-11-14,10
73,2023-12-14,10
74,2023-07-14,10
74,2023-08-13,10
74,2023-09-12,10
74,2023-10-12,10
74,2023-11-11,10
74,2023-12-11,10
75,2023-04-25,10
76,2023-06-13,10
76,2023-07-13,10
76,2023-08-12,10
76,2023-09-11,10
76,2023-10-11,10
76,2023-11-10,10
76,2023-12-10,10
77,2023-02-06,10
77,2023-03-08,10
77,2023-04-07,10
77,2023-05-07,10
77,2023-06-06,10
77,2023-07-06,10
78,2023-04-25,10
78,2023-05-25,10
78,2023-06-24,10
78,2023-07-24,10
78,2023-08-23,10
79,2023-05-19,10
79,2023-06-18,10
79,2023-07-18,10
80,2023-01-09,10
81,2023-02-12,10
81,2023-03-14,10
81,2023-04-13,10
81,2023-05-13,10
82,2023-05-15,10
83,2023-04-22,10
83,2023-05-22,10
83,2023-06-21,10
83,2023-07-21,10
83,2023-08-20,10
83,2023-09-19,10
83,2023-10-19,10
83,2023-11-18,10
84,2023-02-08,10
84,2023-03-10,10
84,2023-04-09,10
84,2023-05-09,10
85,2023-02-21,10
85,2023-03-23,10
85,2023-04-22,10
85,2023-05-22,10
86,2023-05-10,10
86,2023-06-09,10
86,2023-07-09,10
86,2023-08-08,10
86,2023-09-07,10
86,2023-10-07,10
86,2023-11-06,10
86,2023-12-06,10
87,2023-05-22,10
87,2023-06-21,10
87,2023-07-21,10
87,2023-08-20,10
87,2023-09-19,10
88,2023-01-15,10
89,2023-05-08,10
89,2023-06-07,10
90,2023-02-11,10
90,2023-03-13,10
90,2023-04-12,10
90,2023-05-12,10
90,2023-06-11,10
90,2023-07-11,10
90,2023-08-10,10
90,2023-09-09,10
91,2023-01-05,10
91,2023-02-04,10
91,2023-03-06,10
91,2023-04-05,10
92,2023-03-24,10
92,2023-04-23,10
92,2023-05-23,10
92,2023-06-22,10
92,2023-07-22,10
92,2023-08-21,10
92,2023-09-20,10
92,2023-10-20,10
92,2023-11-19,10
93,2023-01-25,10
93,2023-02-24,10
93,2023-03-26,10
93,2023-04-25,10
94,2023-04-27,10
94,2023-05-27,10
94,2023-06-26,10
94,2023-07-26,10
94,2023-08-25,10
94,2023-09-24,10
94,2023-10-24,10
95,2023-02-01,10
95,2023-03-03,10
95,2023-04-02,10
95,2023-05-02,10
96,2023-01-06,10
96,2023-02-05,10
96,2023-03-07,10
97,2023-04-30,10
97,2023-05-30,10
97,2023-06-29,10
97,2023-07-29,10
97,2023-08-28,10
97,2023-09-27,10
97,2023-10-27,10
97,2023-11-26,10
97,2023-12-26,10
98,2023-02-02,10
98,2023-03-04,10
98,2023-04-03,10
98,2023-05-03,10
98,2023-06-02,10
98,2023-07-02,10
98,2023-08-01,10
99,2023-05-20,10
99,2023-06-19,10
99,2023-07-19,10
100,2023-07-16,10
100,2023-08-15,10
100,2023-09-14,10
101,2023-06-28,10
101,2023-07-28,10
101,2023-08-27,10
101,2023-09-26,10
101,2023-10-26,10
101,2023-11-25,10
101,2023-12-25,10
102,2023-07-12,10
102,2023-08-11,10
102,2023-09-10,10
102,2023-10-10,10
103,2023-07-08,10
103,2023-08-07,10
103,2023-09-06,10
103,2023-10-06,10
103,2023-11-05,10
103,2023-12-05,10
104,2023-01-02,10
104,2023-02-01,10
105,2023-05-24,10
105,2023-06-23,10
105,2023-07-23,10
105,2023-08-22,10
106,2023-06-12,10
106,2023-07-12,10
106,2023-08-11,10
106,2023-09-10,10
106,2023-10-10,10
106,2023-11-09,10
106,2023-12-09,10
107,2023-04-23,10
107,2023-05-23,10
107,2023-06-22,10
107,2023-07-22,10
107,2023-08-21,10
107,2023-09-20,10
107,2023-10-20,10
107,2023-11-19,10
107,2023-12-19,10
108,2023-02-24,10
108,2023-03-26,10
108,2023-04-25,10
108,2023-05-25,10
108,2023-06-24,10
108,2023-07-24,10
108,2023-08-23,10
109,2023-07-17,10
109,2023-08-16,10
109,2023-09-15,10
109,2023-10-15,10
109,2023-11-14,10
109,2023-12-14,10
110,2023-03-01,10
110,2023-03-31,10
110,2023-04-30,10
111,2023-01-30,10
111,2023-03-01,10
112,2023-05-17,10
112,2023-06-16,10
112,2023-07-16,10
113,2023-01-07,10
113,2023-02-06,10
114,2023-06-12,10
115,2023-03-13,10
115,2023-04-12,10
115,2023-05-12,10
115,2023-06-11,10
115,2023-07-11,10
115,2023-08-10,10
115,2023-09-09,10
115,2023-10-09,10
115,2023-11-08,10
116,2023-05-22,10
116,2023-06-21,10
116,2023-07-21,10
116,2023-08-20,10
116,2023-09-19,10
116,2023-10-19,10
116,2023-11-18,10
116,2023-12-18,10
117,2023-03-19,10
117,2023-04-18,10
117,2023-05-18,10
117,2023-06-17,10
117,2023-07-17,10
117,2023-08-16,10
117,2023-09-15,10
117,2023-10-15,10
118,2023-03-04,10
118,2023-04-03,10
118,2023-05-03,10
118,2023-06-02,10
118,2023-07-02,10
118,2023-08-01,10
119,2023-03-22,10
120,2023-06-08,10
120,2023-07-08,10
120,2023-08-07,10
120,2023-09-06,10
120,2023-10-06,10
120,2023-11-05,10
121,2023-03-14,10
121,2023-04-13,10
121,2023-05-13,10
121,2023-06-12,10
121,2023-07-12,10
121,2023-08-11,10
121,2023-09-10,10
122,2023-03-30,10
122,2023-04-29,10
122,2023-05-29,10
122,2023-06-28,10
122,2023-07-28,10
123,2023-05-15,10
123,2023-06-14,10
123,2023-07-14,10
123,2023-08-13,10
123,2023-09-12,10
123,2023-10-12,10
123,2023-11-11,10
123,2023-12-11,10
124,2023-06-30,10
125,2023-05-24,10
125,2023-06-23,10
125,2023-07-23,10
125,2023-08-22,10
125,2023-09-21,10
125,2023-10-21,10
125,2023-11-20,10
126,2023-02-24,10
126,2023-03-26,10
126,2023-04-25,10
127,2023-01-30,10
127,2023-03-01,10
127,2023-03-31,10
128,2023-06-19,10
128,2023-07-19,10
128,2023-08-18,10
128,2023-09-17,10
128,2023-10-17,10
128,2023-11-16,10
128,2023-12-16,10
129,2023-03-06,10
129,2023-04-05,10
130,2023-01-05,10
130,2023-02-04,10
130,2023-03-06,10
130,2023-04-05,10
131,2023-06-12,10
131,2023-07-12,10
131,2023-08-11,10
131,2023-09-10,10
131,2023-10-10,10
131,2023-11-09,10
132,2023-07-01,10
132,2023-07-31,10
132,2023-08-30,10
132,2023-09-29,10
132,2023-10-29,10
132,2023-11-28,10
132,2023-12-28,10
133,2023-05-08,10
133,2023-06-07,10
133,2023-07-07,10
133,2023-08-06,10
133,2023-09-05,10
133,2023-10-05,10
133,2023-11-04,10
133,2023-12-04,10
134,2023-06-18,10
134,2023-07-18,10
134,2023-08-17,10
134,2023-09-16,10
135,2023-01-18,10
135,2023-02-17,10
135,2023-03-19,10
135,2023-04-18,10
135,2023-05-18,10
135,2023-06-17,10
136,2023-01-26,10
136,2023-02-25,10
136,2023-03-27,10
137,2023-03-16,10
137,2023-04-15,10
137,2023-05-15,10
137,2023-06-14,10
137,2023-07-14,10
138,2023-02-16,10
138,2023-03-18,10
138,2023-04-17,10
138,2023-05-17,10
138,2023-06-16,10
138,2023-07-16,10
139,2023-03-15,10
139,2023-04-14,10
139,2023-05-14,10
139,2023-06-13,10
139,2023-07-13,10
139,2023-08-12,10
140,2023-03-04,10
140,2023-04-03,10
140,2023-05-03,10
140,2023-06-02,10
140,2023-07-02,10
140,2023-08-01,10
141,2023-05-09,10
141,2023-06-08,10
141,2023-07-08,10
141,2023-08-07,10
141,2023-09-06,10
141,2023-10-06,10
141,2023-11-05,10
142,2023-03-13,10
142,2023-04-12,10
142,2023-05-12,10
142,2023-06-11,10
142,2023-07-11,10
142,2023-08-10,10
142,2023-09-09,10
143,2023-03-27,10
143,2023-04-26,10
143,2023-05-26,10
143,2023-06-25,10
143,2023-07-25,10
143,2023-08-24,10
143,2023-09-23,10
144,2023-05-22,10
144,2023-06-21,10
144,2023-07-21,10
144,2023-08-20,10
145,2023-04-17,10
145,2023-05-17,10
145,2023-06-16,10
145,2023-07-16,10
146,2023-05-22,10
146,2023-06-21,10
146,2023-07-21,10
146,2023-08-20,10
147,2023-01-18,10
147,2023-02-17,10
147,2023-03-19,10
148,2023-02-02,10
149,2023-02-24,10
149,2023-03-26,10
149,2023-04-25,10
150,2023-01-28,10
150,2023-02-27,10
150,2023-03-29,10
150,2023-04-28,10
150,2023-05-28,10
150,2023-06-27,10
150,2023-07-27,10
151,2023-02-09,10
151,2023-03-11,10
151,2023-04-10,10
151,2023-05-10,10
152,2023-07-13,10
152,2023-08-12,10
152,2023-09-11,10
152,2023-10-11,10
152,2023-11-10,10
152,2023-12-10,10
153,2023-05-07,10
153,2023-06-06,10
153,2023-07-06,10
153,2023-08-05,10
153,2023-09-04,10
153,2023-10-04,10
153,2023-11-03,10
153,2023-12-03,10
154,2023-07-15,10
154,2023-08-14,10
154,2023-09-13,10
154,2023-10-13,10
154,2023-11-12,10
155,2023-02-07,10
155,2023-03-09,10
155,2023-04-08,10
155,2023-05-08,10
155,2023-06-07,10
156,2023-04-13,10
156,2023-05-13,10
156,2023-06-12,10
157,2023-02-24,10
157,2023-03-26,10
157,2023-04-25,10
157,2023-05-25,10
158,2023-02-02,10
158,2023-03-04,10
158,2023-04-03,10
158,2023-05-03,10
158,2023-06-02,10
158,2023-07-02,10
159,2023-02-19,10
159,2023-03-21,10
160,2023-02-02,10
160,2023-03-04,10
161,2023-01-16,10
161,2023-02-15,10
162,2023-07-09,10
163,2023-01-27,10
163,2023-02-26,10
163,2023-03-28,10
163,2023-04-27,10
163,2023-05-27,10
163,2023-06-26,10
163,2023-07-26,10
163,2023-08-25,10
164,2023-05-10,10
164,2023-06-09,10
164,2023-07-09,10
164,2023-08-08,10
164,2023-09-07,10
164,2023-10-07,10
164,2023-11-06,10
165,2023-02-24,10
165,2023-03-26,10
165,2023-04-25,10
165,2023-05-25,10
165,2023-06-24,10
166,2023-03-18,10
166,2023-04-17,10
166,2023-05-17,10
166,2023-06-16,10
166,2023-07-16,10
166,2023-08-15,10
166,2023-09-14,10
167,2023-06-08,10
167,2023-07-08,10
167,2023-08-07,10
167,2023-09-06,10
167,2023-10-06,10
167,2023-11-05,10
167,2023-12-05,10
168,2023-04-21,10
168,2023-05-21,10
168,2023-06-20,10
169,2023-07-16,10
169,2023-08-15,10
169,2023-09-14,10
169,2023-10-14,10
169,2023-11-13,10
169,2023-12-13,10
170,2023-03-06,10
170,2023-04-05,10
170,2023-05-05,10
170,2023-06-04,10
170,2023-07-04,10
171,2023-05-06,10
171,2023-06-05,10
171,2023-07-05,10
171,2023-08-04,10
171,2023-09-03,10
172,2023-06-03,10
172,2023-07-03,10
172,2023-08-02,10
172,2023-09-01,10
172,2023-10-01,10
172,2023-10-31,10
173,2023-07-06,10
174,2023-03-20,10
174,2023-04-19,10
174,2023-05-19,10
175,2023-04-10,10
175,2023-05-10,10
175,2023-06-09,10
175,2023-07-09,10
175,2023-08-08,10
176,2023-06-23,10
176,2023-07-23,10
176,2023-08-22,10
177,2023-06-11,10
177,2023-07-11,10
177,2023-08-10,10
177,2023-09-09,10
177,2023-10-09,10
177,2023-11-08,10
177,2023-12-08,10
178,2023-07-02,10
178,2023-08-01,10
178,2023-08-31,10
178,2023-09-30,10
178,2023-10-30,10
178,2023-11-29,10
179,2023-05-21,10
179,2023-06-20,10
180,2023-04-19,10
180,2023-05-19,10
180,2023-06-18,10
180,2023-07-18,10
180,2023-08-17,10
180,2023-09-16,10
181,2023-02-26,10
181,2023-03-28,10
181,2023-04-27,10
182,2023-04-23,10
183,2023-05-18,10
183,2023-06-17,10
184,2023-01-25,10
185,2023-02-21,10
185,2023-03-23,10
185,2023-04-22,10
185,2023-05-22,10
186,2023-03-30,10
186,2023-04-29,10
187,2023-06-28,10
187,2023-07-28,10
188,2023-02-11,10
188,2023-03-13,10
188,2023-04-12,10
188,2023-05-12,10
189,2023-05-12,10
189,2023-06-11,10
189,2023-07-11,10
189,2023-08-10,10
189,2023-09-09,10
189,2023-10-09,10
190,2023-07-11,10
190,2023-08-10,10
190,2023-09-09,10
191,2023-04-12,10
192,2023-06-20,10
192,2023-07-20,10
192,2023-08-19,10
192,2023-09-18,10
192,2023-10-18,10
193,2023-04-22,10
193,2023-05-22,10
193,2023-06-21,10
193,2023-07-21,10
193,2023-08-20,10
194,2023-05-09,10
194,2023-06-08,10
194,2023-07-08,10
194,2023-08-07,10
195,2023-04-11,10
195,2023-05-11,10
195,2023-06-10,10
195,2023-07-10,10
195,2023-08-09,10
195,2023-09-08,10
196,2023-06-09,10
196,2023-07-09,10
197,2023-07-13,10
197,2023-08-12,10
197,2023-09-11,10
197,2023-10-11,10
198,2023-05-09,10
198,2023-06-08,10
198,2023-07-08,10
198,2023-08-07,10
198,2023-09-06,10
198,2023-10-06,10
199,2023-06-30,10
199,2023-07-30,10
199,2023-08-29,10
199,2023-09-28,10
200,2023-04-17,10
200,2023-05-17,10
200,2023-06-16,10
201,2023-07-19,10
202,2023-04-30,10
202,2023-05-30,10
202,2023-06-29,10
202,2023-07-29,10
202,2023-08-28,10
202,2023-09-27,10
202,2023-10-27,10
202,2023-11-26,10
203,2023-03-20,10
203,2023-04-19,10
203,2023-05-19,10
203,2023-06-18,10
203,2023-07-18,10
203,2023-08-17,10
203,2023-09-16,10
204,2023-02-23,10
204,2023-03-25,10
204,2023-04-24,10
204,2023-05-24,10
204,2023-06-23,10
204,2023-07-23,10
204,2023-08-22,10
204,2023-09-21,10
204,2023-10-21,10
205,2023-03-07,10
205,2023-04-06,10
205,2023-05-06,10
205,2023-06-05,10
205,2023-07-05,10
205,2023-08-04,10
205,2023-09-03,10
206,2023-01-11,10
206,2023-02-10,10
206,2023-03-12,10
206,2023-04-11,10
206,2023-05-11,10
206,2023-06-10,10
206,2023-07-10,10
207,2023-03-17,10
207,2023-04-16,10
207,2023-05-16,10
207,2023-06-15,10
207,2023-07-15,10
207,2023-08-14,10
207,2023-09-13,10
207,2023-10-13,10
208,2023-05-15,10
208,2023-06-14,10
208,2023-07-14,10
208,2023-08-13,10
208,2023-09-12,10
208,2023-10-12,10
208,2023-11-11,10
208,2023-12-11,10
209,2023-04-15,10
209,2023-05-15,10
209,2023-06-14,10
209,2023-07-14,10
209,2023-08-13,10
209,2023-09-12,10
209,2023-10-12,10
210,2023-07-03,10
210,2023-08-02,10
210,2023-09-01,10
210,2023-10-01,10
210,2023-10-31,10
210,2023-11-30,10
211,2023-03-20,10
211,2023-04-19,10
211,2023-05-19,10
211,2023-06-18,10
211,2023-07-18,10
211,2023-08-17,10
211,2023-09-16,10
211,2023-10-16,10
211,2023-11-15,10
212,2023-01-20,10
212,2023-02-19,10
212,2023-03-21,10
213,2023-01-27,10
213,2023-02-26,10
213,2023-03-28,10
213,2023-04-27,10
213,2023-05-27,10
213,2023-06-26,10
213,2023-07-26,10
213,2023-08-25,10
214,2023-01-15,10
215,2023-03-12,10
215,2023-04-11,10
215,2023-05-11,10
215,2023-06-10,10
215,2023-07-10,10
216,2023-01-08,10
217,2023-01-10,10
217,2023-02-09,10
217,2023-03-11,10
218,2023-03-02,10
219,2023-06-20,10
219,2023-07-20,10
219,2023-08-19,10
219,2023-09-18,10
219,2023-10-18,10
219,2023-11-17,10
219,2023-12-17,10
220,2023-07-10,10
220,2023-08-09,10
220,2023-09-08,10
220,2023-10-08,10
220,2023-11-07,10
221,2023-07-09,10
221,2023-08-08,10
221,2023-09-07,10
221,2023-10-07,10
221,2023-11-06,10
221,2023-12-06,10
222,2023-02-01,10
222,2023-03-03,10
222,2023-04-02,10
222,2023-05-02,10
222,2023-06-01,10
222,2023-07-01,10
223,2023-04-13,10
223,2023-05-13,10
223,2023-06-12,10
224,2023-02-05,10
224,2023-03-07,10
224,2023-04-06,10
224,2023-05-06,10
224,2023-06-05,10
224,2023-07-05,10
225,2023-06-19,10
225,2023-07-19,10
225,2023-08-18,10
225,2023-09-17,10
225,2023-10-17,10
225,2023-11-16,10
225,2023-12-16,10
226,2023-02-17,10
226,2023-03-19,10
226,2023-04-18,10
226,2023-05-18,10
226,2023-06-17,10
226,2023-07-17,10
227,2023-04-08,10
227,2023-05-08,10
228,2023-03-11,10
228,2023-04-10,10
228,2023-05-10,10
228,2023-06-09,10
228,2023-07-09,10
229,2023-06-15,10
229,2023-07-15,10
230,2023-01-05,10
230,2023-02-04,10
230,2023-03-06,10
230,2023-04-05,10
230,2023-05-05,10
230,2023-06-04,10
230,2023-07-04,10
230,2023-08-03,10
230,2023-09-02,10
231,2023-04-23,10
231,2023-05-23,10
231,2023-06-22,10
231,2023-07-22,10
231,2023-08-21,10
231,2023-09-20,10
231,2023-10-20,10
232,2023-06-29,10
233,2023-01-06,10
233,2023-02-05,10
233,2023-03-07,10
233,2023-04-06,10
233,2023-05-06,10
233,2023-06-05,10
233,2023-07-05,10
233,2023-08-04,10
233,2023-09-03,10
234,2023-05-14,10
234,2023-06-13,10
234,2023-07-13,10
234,2023-08-12,10
234,2023-09-11,10
234,2023-10-11,10
235,2023-01-15,10
235,2023-02-14,10
235,2023-03-16,10
235,2023-04-15,10
235,2023-05-15,10
235,2023-06-14,10
235,2023-07-14,10
235,2023-08-13,10
236,2023-03-14,10
236,2023-04-13,10
236,2023-05-13,10
236,2023-06-12,10
236,2023-07-12,10
236,2023-08-11,10
236,2023-09-10,10
236,2023-10-10,10
236,2023-11-09,10
237,2023-01-31,10
237,2023-03-02,10
237,2023-04-01,10
237,2023-05-01,10
237,2023-05-31,10
237,2023-06-30,10
238,2023-06-14,10
239,2023-04-20,10
239,2023-05-20,10
239,2023-06-19,10
239,2023-07-19,10
239,2023-08-18,10
239,2023-09-17,10
239,2023-10-17,10
239,2023-11-16,10
240,2023-01-28,10
240,2023-02-27,10
240,2023-03-29,10
241,2023-01-27,10
241,2023-02-26,10
242,2023-02-14,10
242,2023-03-16,10
242,2023-04-15,10
243,2023-01-11,10
243,2023-02-10,10
244,2023-04-28,10
244,2023-05-28,10
244,2023-06-27,10
244,2023-07-27,10
245,2023-05-26,10
245,2023-06-25,10
245,2023-07-25,10
245,2023-08-24,10
245,2023-09-23,10
245,2023-10-23,10
245,2023-11-22,10
246,2023-04-29,10
246,2023-05-29,10
246,2023-06-28,10
246,2023-07-28,10
246,2023-08-27,10
246,2023-09-26,10
246,2023-10-26,10
246,2023-11-25,10
246,2023-12-25,10
247,2023-06-10,10
247,2023-07-10,10
247,2023-08-09,10
247,2023-09-08,10
247,2023-10-08,10
247,2023-11-07,10
248,2023-02-20,10
248,2023-03-22,10
248,2023-04-21,10
248,2023-05-21,10
249,2023-02-20,10
249,2023-03-22,10
249,2023-04-21,10
249,2023-05-21,10
249,2023-06-20,10
250,2023-03-27,10
250,2023-04-26,10
250,2023-05-26,10
250,2023-06-25,10
250,2023-07-25,10
250,2023-08-24,10
251,2023-01-01,10
251,2023-01-31,10
251,2023-03-02,10
251,2023-04-01,10
252,2023-05-03,10
252,2023-06-02,10
252,2023-07-02,10
253,2023-06-21,10
253,2023-07-21,10
253,2023-08-20,10
253,2023-09-19,10
253,2023-10-19,10
253,2023-11-18,10
254,2023-06-23,10
254,2023-07-23,10
254,2023-08-22,10
254,2023-09-21,10
254,2023-10-21,10
254,2023-11-20,10
254,2023-12-20,10
255,2023-01-30,10
255,2023-03-01,10
255,2023-03-31,10
255,2023-04-30,10
256,2023-01-05,10
256,2023-02-04,10
256,2023-03-06,10
256,2023-04-05,10
256,2023-05-05,10
256,2023-06-04,10
257,2023-05-26,10
257,2023-06-25,10
257,2023-07-25,10
257,2023-08-24,10
257,2023-09-23,10
258,2023-03-01,10
258,2023-03-31,10
258,2023-04-30,10
258,2023-05-30,10
258,2023-06-29,10
258,2023-07-29,10
259,2023-01-28,10
260,2023-05-18,10
261,2023-01-05,10
261,2023-02-04,10
261,2023-03-06,10
261,2023-04-05,10
261,2023-05-05,10
261,2023-06-04,10
262,2023-01-04,10
262,2023-02-03,10
262,2023-03-05,10
263,2023-07-10,10
263,2023-08-09,10
263,2023-09-08,10
264,2023-02-25,10
264,2023-03-27,10
265,2023-01-31,10
266,2023-01-05,10
266,2023-02-04,10
266,2023-03-06,10
266,2023-04-05,10
266,2023-05-05,10
266,2023-06-04,10
266,2023-07-04,10
266,2023-08-03,10
267,2023-03-19,10
267,2023-04-18,10
267,2023-05-18,10
267,2023-06-17,10
267,2023-07-17,10
267,2023-08-16,10
267,2023-09-15,10
267,2023-10-15,10
267,2023-11-14,10
268,2023-05-24,10
268,2023-06-23,10
268,2023-07-23,10
268,2023-08-22,10
268,2023-09-21,10
268,2023-10-21,10
268,2023-11-20,10
268,2023-12-20,10
269,2023-05-05,10
269,2023-06-04,10
270,2023-06-03,10
270,2023-07-03,10
270,2023-08-02,10
270,2023-09-01,10
270,2023-10-01,10
271,2023-06-22,10
271,2023-07-22,10
271,2023-08-21,10
271,2023-09-20,10
271,2023-10-20,10
271,2023-11-19,10
271,2023-12-19,10
272,2023-03-05,10
272,2023-04-04,10
272,2023-05-04,10
272,2023-06-03,10
272,2023-07-03,10
272,2023-08-02,10
273,2023-03-27,10
273,2023-04-26,10
273,2023-05-26,10
274,2023-02-25,10
274,2023-03-27,10
274,2023-04-26,10
274,2023-05-26,10
274,2023-06-25,10
274,2023-07-25,10
274,2023-08-24,10
274,2023-09-23,10
275,2023-02-22,10
275,2023-03-24,10
275,2023-04-23,10
276,2023-06-08,10
276,2023-07-08,10
276,2023-08-07,10
276,2023-09-06,10
276,2023-10-06,10
276,2023-11-05,10
276,2023-12-05,10
277,2023-04-08,10
277,2023-05-08,10
277,2023-06-07,10
277,2023-07-07,10
277,2023-08-06,10
277,2023-09-05,10
277,2023-10-05,10
277,2023-11-04,10
277,2023-12-04,10
278,2023-01-09,10
278,2023-02-08,10
278,2023-03-10,10
278,2023-04-09,10
278,2023-05-09,10
278,2023-06-08,10
279,2023-04-17,10
279,2023-05-17,10
279,2023-06-16,10
279,2023-07-16,10
279,2023-08-15,10
279,2023-09-14,10
279,2023-10-14,10
280,2023-06-22,10
281,2023-06-23,10
281,2023-07-23,10
281,2023-08-22,10
282,2023-01-07,10
282,2023-02-06,10
282,2023-03-08,10
282,2023-04-07,10
282,2023-05-07,10
282,2023-06-06,10
282,2023-07-06,10
283,2023-02-17,10
283,2023-03-19,10
283,2023-04-18,10
284,2023-07-07,10
284,2023-08-06,10
284,2023-09-05,10
284,2023-10-05,10
284,2023-11-04,10
284,2023-12-04,10
285,2023-01-13,10
285,2023-02-12,10
285,2023-03-14,10
285,2023-04-13,10
285,2023-05-13,10
285,2023-06-12,10
285,2023-07-12,10
285,2023-08-11,10
285,2023-09-10,10
286,2023-03-03,10
286,2023-04-02,10
287,2023-06-14,10
287,2023-07-14,10
287,2023-08-13,10
287,2023-09-12,10
287,2023-10-12,10
287,2023-11-11,10
287,2023-12-11,10
288,2023-05-08,10
288,2023-06-07,10
288,2023-07-07,10
288,2023-08-06,10
288,2023-09-05,10
289,2023-06-06,10
289,2023-07-06,10
289,2023-08-05,10
289,2023-09-04,10
289,2023-10-04,10
289,2023-11-03,10
289,2023-12-03,10
290,2023-06-04,10
291,2023-04-29,10
291,2023-05-29,10
292,2023-07-08,10
292,2023-08-07,10
293,2023-03-08,10
293,2023-04-07,10
294,2023-05-31,10
294,2023-06-30,10
294,2023-07-30,10
294,2023-08-29,10
294,2023-09-28,10
294,2023-10-28,10
294,2023-11-27,10
294,2023-12-27,10
295,2023-01-06,10
295,2023-02-05,10
295,2023-03-07,10
295,2023-04-06,10
295,2023-05-06,10
296,2023-03-31,10
296,2023-04-30,10
296,2023-05-30,10
296,2023-06-29,10
296,2023-07-29,10
297,2023-03-09,10
297,2023-04-08,10
297,2023-05-08,10
297,2023-06-07,10
298,2023-01-26,10
298,2023-02-25,10
298,2023-03-27,10
298,2023-04-26,10
298,2023-05-26,10
298,2023-06-25,10
298,2023-07-25,10
298,2023-08-24,10
298,2023-09-23,10
299,2023-07-19,10
299,2023-08-18,10
299,2023-09-17,10
300,2023-02-23,10
300,2023-03-25,10
300,2023-04-24,10
300,2023-05-24,10
300,2023-06-23,10
300,2023-07-23,10
300,2023-08-22,10
301,2023-05-06,10
301,2023-06-05,10
301,2023-07-05,10
301,2023-08-04,10
301,2023-09-03,10
302,2023-07-08,10
302,2023-08-07,10
302,2023-09-06,10
302,2023-10-06,10
302,2023-11-05,10
303,2023-06-25,10
303,2023-07-25,10
303,2023-08-24,10
303,2023-09-23,10
303,2023-10-23,10
303,2023-11-22,10
303,2023-12-22,10
304,2023-06-18,10
304,2023-07-18,10
304,2023-08-17,10
304,2023-09-16,10
304,2023-10-16,10
304,2023-11-15,10
304,2023-12-15,10
305,2023-05-01,10
305,2023-05-31,10
305,2023-06-30,10
306,2023-05-05,10
306,2023-06-04,10
306,2023-07-04,10
306,2023-08-03,10
306,2023-09-02,10
306,2023-10-02,10
306,2023-11-01,10
306,2023-12-01,10
307,2023-06-02,10
308,2023-01-11,10
308,2023-02-10,10
308,2023-03-12,10
308,2023-04-11,10
308,2023-05-11,10
309,2023-06-12,10
309,2023-07-12,10
309,2023-08-11,10
310,2023-02-16,10
311,2023-05-21,10
311,2023-06-20,10
311,2023-07-20,10
311,2023-08-19,10
311,2023-09-18,10
311,2023-10-18,10
311,2023-11-17,10
312,2023-02-09,10
312,2023-03-11,10
312,2023-04-10,10
312,2023-05-10,10
312,2023-06-09,10
312,2023-07-09,10
312,2023-08-08,10
312,2023-09-07,10
313,2023-03-24,10
313,2023-04-23,10
314,2023-03-12,10
315,2023-03-28,10
315,2023-04-27,10
315,2023-05-27,10
315,2023-06-26,10
315,2023-07-26,10
316,2023-06-24,10
316,2023-07-24,10
317,2023-04-10,10
318,2023-05-03,10
318,2023-06-02,10
318,2023-07-02,10
318,2023-08-01,10
319,2023-01-03,10
319,2023-02-02,10
319,2023-03-04,10
319,2023-04-03,10
319,2023-05-03,10
319,2023-06-02,10
320,2023-04-08,10
320,2023-05-08,10
320,2023-06-07,10
320,2023-07-07,10
321,2023-07-10,10
321,2023-08-09,10
321,2023-09-08,10
321,2023-10-08,10
321,2023-11-07,10
322,2023-06-01,10
322,2023-07-01,10
322,2023-07-31,10
322,2023-08-30,10
323,2023-01-11,10
323,2023-02-10,10
323,2023-03-12,10
323,2023-04-11,10
323,2023-05-11,10
324,2023-07-17,10
324,2023-08-16,10
324,2023-09-15,10
324,2023-10-15,10
324,2023-11-14,10
324,2023-12-14,10
325,2023-06-30,10
325,2023-07-30,10
325,2023-08-29,10
325,2023-09-28,10
325,2023-10-28,10
325,2023-11-27,10
326,2023-06-06,10
326,2023-07-06,10
327,2023-03-04,10
327,2023-04-03,10
327,2023-05-03,10
327,2023-06-02,10
327,2023-07-02,10
327,2023-08-01,10
327,2023-08-31,10
327,2023-09-30,10
328,2023-01-18,10
328,2023-02-17,10
328,2023-03-19,10
329,2023-01-08,10
329,2023-02-07,10
329,2023-03-09,10
329,2023-04-08,10
329,2023-05-08,10
329,2023-06-07,10
330,2023-05-17,10
330,2023-06-16,10
330,2023-07-16,10
330,2023-08-15,10
330,2023-09-14,10
330,2023-10-14,10
330,2023-11-13,10
331,2023-07-12,10
331,2023-08-11,10
331,2023-09-10,10
331,2023-10-10,10
331,2023-11-09,10
332,2023-01-19,10
332,2023-02-18,10
332,2023-03-20,10
333,2023-05-07,10
333,2023-06-06,10
333,2023-07-06,10
333,2023-08-05,10
334,2023-03-05,10
334,2023-04-04,10
334,2023-05-04,10
335,2023-01-04,10
335,2023-02-03,10
335,2023-03-05,10
335,2023-04-04,10
335,2023-05-04,10
335,2023-06-03,10
335,2023-07-03,10
336,2023-01-11,10
336,2023-02-10,10
336,2023-03-12,10
336,2023-04-11,10
337,2023-03-01,10
337,2023-03-31,10
338,2023-06-15,10
338,2023-07-15,10
338,2023-08-14,10
338,2023-09-13,10
338,2023-10-13,10
338,2023-11-12,10
338,2023-12-12,10
339,2023-03-06,10
339,2023-04-05,10
339,2023-05-05,10
340,2023-01-08,10
340,2023-02-07,10
340,2023-03-09,10
340,2023-04-08,10
341,2023-04-02,10
341,2023-05-02,10
341,2023-06-01,10
341,2023-07-01,10
341,2023-07-31,10
341,2023-08-30,10
341,2023-09-29,10
341,2023-10-29,10
341,2023-11-28,10
342,2023-05-15,10
342,2023-06-14,10
342,2023-07-14,10
342,2023-08-13,10
342,2023-09-12,10
342,2023-10-12,10
343,2023-04-13,10
343,2023-05-13,10
343,2023-06-12,10
343,2023-07-12,10
343,2023-08-11,10
343,2023-09-10,10
344,2023-05-02,10
344,2023-06-01,10
344,2023-07-01,10
344,2023-07-31,10
344,2023-08-30,10
344,2023-09-29,10
344,2023-10-29,10
344,2023-11-28,10
345,2023-04-13,10
345,2023-05-13,10
345,2023-06-12,10
345,2023-07-12,10
346,2023-07-08,10
346,2023-08-07,10
346,2023-09-06,10
346,2023-10-06,10
346,2023-11-05,10
347,2023-03-22,10
347,2023-04-21,10
347,2023-05-21,10
347,2023-06-20,10
347,2023-07-20,10
348,2023-05-23,10
348,2023-06-22,10
348,2023-07-22,10
349,2023-01-09,10
349,2023-02-08,10
349,2023-03-10,10
349,2023-04-09,10
349,2023-05-09,10
349,2023-06-08,10
349,2023-07-08,10
350,2023-05-12,10
350,2023-06-11,10
351,2023-07-02,10
352,2023-02-26,10
352,2023-03-28,10
352,2023-04-27,10
352,2023-05-27,10
352,2023-06-26,10
353,2023-05-05,10
354,2023-05-12,10
354,2023-06-11,10
354,2023-07-11,10
354,2023-08-10,10
354,2023-09-09,10
354,2023-10-09,10
354,2023-11-08,10
354,2023-12-08,10
355,2023-01-26,10
355,2023-02-25,10
356,2023-06-09,10
356,2023-07-09,10
357,2023-06-09,10
357,2023-07-09,10
357,2023-08-08,10
357,2023-09-07,10
357,2023-10-07,10
358,2023-05-03,10
358,2023-06-02,10
359,2023-01-06,10
360,2023-06-01,10
360,2023-07-01,10
360,2023-07-31,10
360,2023-08-30,10
360,2023-09-29,10
360,2023-10-29,10
360,2023-11-28,10
360,2023-12-28,10
361,2023-03-17,10
361,2023-04-16,10
361,2023-05-16,10
361,2023-06-15,10
361,2023-07-15,10
361,2023-08-14,10
361,2023-09-13,10
361,2023-10-13,10
361,2023-11-12,10
362,2023-07-11,10
362,2023-08-10,10
362,2023-09-09,10
362,2023-10-09,10
363,2023-04-18,10
363,2023-05-18,10
363,2023-06-17,10
363,2023-07-17,10
363,2023-08-16,10
363,2023-09-15,10
363,2023-10-15,10
363,2023-11-14,10
363,2023-12-14,10
364,2023-06-14,10
365,2023-07-13,10
365,2023-08-12,10
365,2023-09-11,10
365,2023-10-11,10
365,2023-11-10,10
366,2023-04-15,10
366,2023-05-15,10
366,2023-06-14,10
366,2023-07-14,10
367,2023-04-11,10
367,2023-05-11,10
367,2023-06-10,10
367,2023-07-10,10
367,2023-08-09,10
367,2023-09-08,10
368,2023-06-23,10
368,2023-07-23,10
368,2023-08-22,10
368,2023-09-21,10
368,2023-10-21,10
368,2023-11-20,10
368,2023-12-20,10
369,2023-07-17,10
370,2023-01-15,10
371,2023-04-07,10
371,2023-05-07,10
371,2023-06-06,10
371,2023-07-06,10
371,2023-08-05,10
372,2023-04-12,10
372,2023-05-12,10
372,2023-06-11,10
372,2023-07-11,10
372,2023-08-10,10
372,2023-09-09,10
372,2023-10-09,10
373,2023-03-01,10
373,2023-03-31,10
373,2023-04-30,10
373,2023-05-30,10
373,2023-06-29,10
373,2023-07-29,10
373,2023-08-28,10
373,2023-09-27,10
374,2023-02-19,10
374,2023-03-21,10
374,2023-04-20,10
374,2023-05-20,10
375,2023-01-30,10
375,2023-03-01,10
375,2023-03-31,10
375,2023-04-30,10
375,2023-05-30,10
376,2023-02-19,10
376,2023-03-21,10
376,2023-04-20,10
376,2023-05-20,10
376,2023-06-19,10
376,2023-07-19,10
377,2023-05-29,10
377,2023-06-28,10
377,2023-07-28,10
377,2023-08-27,10
377,2023-09-26,10
378,2023-01-13,10
378,2023-02-12,10
378,2023-03-14,10
378,2023-04-13,10
378,2023-05-13,10
378,2023-06-12,10
378,2023-07-12,10
378,2023-08-11,10
379,2023-06-12,10
379,2023-07-12,10
379,2023-08-11,10
379,2023-09-10,10
379,2023-10-10,10
379,2023-11-09,10
379,2023-12-09,10
380,2023-01-16,10
380,2023-02-15,10
381,2023-03-19,10
382,2023-01-04,10
382,2023-02-03,10
382,2023-03-05,10
382,2023-04-04,10
383,2023-03-19,10
383,2023-04-18,10
383,2023-05-18,10
383,2023-06-17,10
383,2023-07-17,10
383,2023-08-16,10
383,2023-09-15,10
384,2023-07-08,10
385,2023-04-28,10
385,2023-05-28,10
385,2023-06-27,10
385,2023-07-27,10
385,2023-08-26,10
386,2023-05-28,10
386,2023-06-27,10
386,2023-07-27,10
386,2023-08-26,10
386,2023-09-25,10
386,2023-10-25,10
386,2023-11-24,10
387,2023-02-17,10
387,2023-03-19,10
387,2023-04-18,10
387,2023-05-18,10
387,2023-06-17,10
387,2023-07-17,10
387,2023-08-16,10
387,2023-09-15,10
387,2023-10-15,10
388,2023-06-26,10
388,2023-07-26,10
388,2023-08-25,10
388,2023-09-24,10
388,2023-10-24,10
388,2023-11-23,10
388,2023-12-23,10
389,2023-07-08,10
390,2023-03-09,10
390,2023-04-08,10
390,2023-05-08,10
390,2023-06-07,10
390,2023-07-07,10
390,2023-08-06,10
390,2023-09-05,10
390,2023-10-05,10
390,2023-11-04,10
391,2023-04-28,10
391,2023-05-28,10
392,2023-02-02,10
392,2023-03-04,10
392,2023-04-03,10
392,2023-05-03,10
392,2023-06-02,10
392,2023-07-02,10
392,2023-08-01,10
392,2023-08-31,10
393,2023-01-19,10
393,2023-02-18,10
393,2023-03-20,10
393,2023-04-19,10
393,2023-05-19,10
393,2023-06-18,10
393,2023-07-18,10
393,2023-08-17,10
394,2023-03-02,10
394,2023-04-01,10
394,2023-05-01,10
394,2023-05-31,10
394,2023-06-30,10
394,2023-07-30,10
394,2023-08-29,10
394,2023-09-28,10
395,2023-06-03,10
395,2023-07-03,10
395,2023-08-02,10
396,2023-01-22,10
396,2023-02-21,10
396,2023-03-23,10
396,2023-04-22,10
396,2023-05-22,10
396,2023-06-21,10
396,2023-07-21,10
396,2023-08-20,10
396,2023-09-19,10
397,2023-05-05,10
397,2023-06-04,10
397,2023-07-04,10
397,2023-08-03,10
397,2023-09-02,10
397,2023-10-02,10
397,2023-11-01,10
397,2023-12-01,10
398,2023-06-30,10
398,2023-07-30,10
398,2023-08-29,10
398,2023-09-28,10
398,2023-10-28,10
398,2023-11-27,10
398,2023-12-27,10
399,2023-03-28,10
399,2023-04-27,10
399,2023-05-27,10
399,2023-06-26,10
399,2023-07-26,10
399,2023-08-25,10
399,2023-09-24,10
399,2023-10-24,10
399,2023-11-23,10
400,2023-01-09,10
400,2023-02-08,10
400,2023-03-10,10
400,2023-04-09,10
400,2023-05-09,10
400,2023-06-08,10
400,2023-07-08,10
401,2023-03-28,10
402,2023-04-28,10
402,2023-05-28,10
402,2023-06-27,10
402,2023-07-27,10
402,2023-08-26,10
402,2023-09-25,10
402,2023-10-25,10
402,2023-11-24,10
402,2023-12-24,10
403,2023-06-26,10
403,2023-07-26,10
404,2023-02-08,10
405,2023-04-29,10
405,2023-05-29,10
405,2023-06-28,10
405,2023-07-28,10
405,2023-08-27,10
406,2023-04-11,10
407,2023-05-23,10
407,2023-06-22,10
407,2023-07-22,10
408,2023-03-18,10
408,2023-04-17,10
409,2023-03-22,10
409,2023-04-21,10
410,2023-02-06,10
410,2023-03-08,10
410,2023-04-07,10
410,2023-05-07,10
411,2023-04-07,10
411,2023-05-07,10
412,2023-04-24,10
412,2023-05-24,10
412,2023-06-23,10
412,2023-07-23,10
412,2023-08-22,10
413,2023-07-14,10
413,2023-08-13,10
413,2023-09-12,10
413,2023-10-12,10
414,2023-05-09,10
414,2023-06-08,10
415,2023-04-20,10
415,2023-05-20,10
415,2023-06-19,10
415,2023-07-19,10
415,2023-08-18,10
415,2023-09-17,10
415,2023-10-17,10
416,2023-05-04,10
416,2023-06-03,10
416,2023-07-03,10
416,2023-08-02,10
417,2023-05-30,10
417,2023-06-29,10
417,2023-07-29,10
417,2023-08-28,10
417,2023-09-27,10
417,2023-10-27,10
417,2023-11-26,10
417,2023-12-26,10
418,2023-02-03,10
418,2023-03-05,10
419,2023-06-19,10
419,2023-07-19,10
419,2023-08-18,10
419,2023-09-17,10
419,2023-10-17,10
419,2023-11-16,10
419,2023-12-16,10
420,2023-03-14,10
420,2023-04-13,10
420,2023-05-13,10
421,2023-01-16,10
421,2023-02-15,10
422,2023-06-22,10
422,2023-07-22,10
422,2023-08-21,10
422,2023-09-20,10
422,2023-10-20,10
423,2023-02-22,10
424,2023-03-09,10
424,2023-04-08,10
424,2023-05-08,10
424,2023-06-07,10
424,2023-07-07,10
425,2023-07-03,10
426,2023-06-30,10
426,2023-07-30,10
426,2023-08-29,10
426,2023-09-28,10
426,2023-10-28,10
426,2023-11-27,10
426,2023-12-27,10
427,2023-02-21,10
427,2023-03-23,10
427,2023-04-22,10
427,2023-05-22,10
427,2023-06-21,10
427,2023-07-21,10
427,2023-08-20,10
427,2023-09-19,10
427,2023-10-19,10
428,2023-01-16,10
428,2023-02-15,10
428,2023-03-17,10
428,2023-04-16,10
428,2023-05-16,10
428,2023-06-15,10
428,2023-07-15,10
429,2023-02-04,10
430,2023-04-08,10
430,2023-05-08,10
430,2023-06-07,10
430,2023-07-07,10
430,2023-08-06,10
430,2023-09-05,10
430,2023-10-05,10
430,2023-11-04,10
430,2023-12-04,10
431,2023-05-01,10
431,2023-05-31,10
432,2023-01-09,10
432,2023-02-08,10
433,2023-02-19,10
433,2023-03-21,10
433,2023-04-20,10
433,2023-05-20,10
433,2023-06-19,10
433,2023-07-19,10
433,2023-08-18,10
434,2023-06-20,10
434,2023-07-20,10
434,2023-08-19,10
434,2023-09-18,10
434,2023-10-18,10
434,2023-11-17,10
434,2023-12-17,10
435,2023-04-21,10
435,2023-05-21,10
435,2023-06-20,10
435,2023-07-20,10
435,2023-08-19,10
435,2023-09-18,10
436,2023-05-06,10
436,2023-06-05,10
436,2023-07-05,10
436,2023-08-04,10
436,2023-09-03,10
436,2023-10-03,10
436,2023-11-02,10
436,2023-12-02,10
437,2023-04-22,10
437,2023-05-22,10
438,2023-02-17,10
438,2023-03-19,10
439,2023-05-21,10
439,2023-06-20,10
439,2023-07-20,10
440,2023-03-28,10
441,2023-01-17,10
441,2023-02-16,10
441,2023-03-18,10
441,2023-04-17,10
441,2023-05-17,10
442,2023-01-29,10
442,2023-02-28,10
442,2023-03-30,10
442,2023-04-29,10
442,2023-05-29,10
442,2023-06-28,10
442,2023-07-28,10
442,2023-08-27,10
443,2023-01-20,10
443,2023-02-19,10
443,2023-03-21,10
443,2023-04-20,10
443,2023-05-20,10
443,2023-06-19,10
443,2023-07-19,10
444,2023-01-07,10
444,2023-02-06,10
444,2023-03-08,10
444,2023-04-07,10
445,2023-04-01,10
445,2023-05-01,10
445,2023-05-31,10
445,2023-06-30,10
445,2023-07-30,10
445,2023-08-29,10
445,2023-09-28,10
445,2023-10-28,10
445,2023-11-27,10
446,2023-07-09,10
446,2023-08-08,10
446,2023-09-07,10
447,2023-04-06,10
447,2023-05-06,10
447,2023-06-05,10
447,2023-07-05,10
447,2023-08-04,10
447,2023-09-03,10
447,2023-10-03,10
448,2023-03-04,10
448,2023-04-03,10
448,2023-05-03,10
448,2023-06-02,10
449,2023-01-01,10
449,2023-01-31,10
449,2023-03-02,10
449,2023-04-01,10
449,2023-05-01,10
449,2023-05-31,10
450,2023-06-13,10
450,2023-07-13,10
450,2023-08-12,10
450,2023-09-11,10
450,2023-10-11,10
450,2023-11-10,10
450,2023-12-10,10
451,2023-03-04,10
451,2023-04-03,10
451,2023-05-03,10
451,2023-06-02,10
452,2023-05-09,10
452,2023-06-08,10
452,2023-07-08,10
453,2023-05-17,10
453,2023-06-16,10
453,2023-07-16,10
453,2023-08-15,10
453,2023-09-14,10
453,2023-10-14,10
453,2023-11-13,10
454,2023-06-09,10
454,2023-07-09,10
454,2023-08-08,10
454,2023-09-07,10
455,2023-03-06,10
455,2023-04-05,10
455,2023-05-05,10
456,2023-02-15,10
456,2023-03-17,10
456,2023-04-16,10
456,2023-05-16,10
456,2023-06-15,10
456,2023-07-15,10
456,2023-08-14,10
457,2023-04-07,10
457,2023-05-07,10
458,2023-04-27,10
458,2023-05-27,10
458,2023-06-26,10
458,2023-07-26,10
459,2023-05-27,10
459,2023-06-26,10
459,2023-07-26,10
459,2023-08-25,10
459,2023-09-24,10
459,2023-10-24,10
459,2023-11-23,10
459,2023-12-23,10
460,2023-05-14,10
460,2023-06-13,10
460,2023-07-13,10
461,2023-01-07,10
461,2023-02-06,10
461,2023-03-08,10
461,2023-04-07,10
462,2023-06-09,10
462,2023-07-09,10
462,2023-08-08,10
462,2023-09-07,10
462,2023-10-07,10
462,2023-11-06,10
462,2023-12-06,10
463,2023-03-01,10
463,2023-03-31,10
463,2023-04-30,10
463,2023-05-30,10
463,2023-06-29,10
463,2023-07-29,10
464,2023-06-17,10
464,2023-07-17,10
464,2023-08-16,10
464,2023-09-15,10
464,2023-10-15,10
464,2023-11-14,10
465,2023-03-30,10
465,2023-04-29,10
466,2023-07-01,10
466,2023-07-31,10
466,2023-08-30,10
466,2023-09-29,10
467,2023-02-28,10
467,2023-03-30,10
467,2023-04-29,10
468,2023-07-07,10
468,2023-08-06,10
468,2023-09-05,10
468,2023-10-05,10
469,2023-02-26,10
469,2023-03-28,10
469,2023-04-27,10
469,2023-05-27,10
469,2023-06-26,10
469,2023-07-26,10
469,2023-08-25,10
469,2023-09-24,10
469,2023-10-24,10
470,2023-06-08,10
470,2023-07-08,10
470,2023-08-07,10
470,2023-09-06,10
470,2023-10-06,10
470,2023-11-05,10
470,2023-12-05,10
471,2023-03-03,10
471,2023-04-02,10
472,2023-07-13,10
472,2023-08-12,10
472,2023-09-11,10
472,2023-10-11,10
472,2023-11-10,10
472,2023-12-10,10
473,2023-01-12,10
473,2023-02-11,10
473,2023-03-13,10
473,2023-04-12,10
473,2023-05-12,10
473,2023-06-11,10
473,2023-07-11,10
473,2023-08-10,10
473,2023-09-09,10
474,2023-03-25,10
474,2023-04-24,10
474,2023-05-24,10
474,2023-06-23,10
474,2023-07-23,10
475,2023-04-09,10
475,2023-05-09,10
476,2023-02-10,10
476,2023-03-12,10
476,2023-04-11,10
476,2023-05-11,10
476,2023-06-10,10
477,2023-07-11,10
477,2023-08-10,10
477,2023-09-09,10
477,2023-10-09,10
477,2023-11-08,10
478,2023-02-15,10
479,2023-04-03,10
479,2023-05-03,10
479,2023-06-02,10
479,2023-07-02,10
479,2023-08-01,10
480,2023-01-15,10
480,2023-02-14,10
480,2023-03-16,10
480,2023-04-15,10
480,2023-05-15,10
481,2023-02-28,10
481,2023-03-30,10
481,2023-04-29,10
482,2023-05-28,10
482,2023-06-27,10
483,2023-03-13,10
483,2023-04-12,10
483,2023-05-12,10
484,2023-05-28,10
484,2023-06-27,10
485,2023-01-19,10
485,2023-02-18,10
485,2023-03-20,10
485,2023-04-19,10
485,2023-05-19,10
485,2023-06-18,10
485,2023-07-18,10
486,2023-02-13,10
486,2023-03-15,10
487,2023-05-12,10
487,2023-06-11,10
487,2023-07-11,10
487,2023-08-10,10
487,2023-09-09,10
487,2023-10-09,10
487,2023-11-08,10
487,2023-12-08,10
488,2023-01-10,10
488,2023-02-09,10
488,2023-03-11,10
488,2023-04-10,10
488,2023-05-10,10
488,2023-06-09,10
488,2023-07-09,10
489,2023-04-21,10
489,2023-05-21,10
490,2023-01-29,10
491,2023-07-14,10
491,2023-08-13,10
491,2023-09-12,10
491,2023-10-12,10
491,2023-11-11,10
491,2023-12-11,10
492,2023-01-10,10
492,2023-02-09,10
492,2023-03-11,10
492,2023-04-10,10
492,2023-05-10,10
492,2023-06-09,10
493,2023-03-12,10
493,2023-04-11,10
493,2023-05-11,10
493,2023-06-10,10
493,2023-07-10,10
493,2023-08-09,10
493,2023-09-08,10
493,2023-10-08,10
493,2023-11-07,10
494,2023-05-11,10
494,2023-06-10,10
494,2023-07-10,10
494,2023-08-09,10
494,2023-09-08,10
494,2023-10-08,10
494,2023-11-07,10
494,2023-12-07,10
495,2023-01-17,10
495,2023-02-16,10
495,2023-03-18,10
496,2023-07-15,10
496,2023-08-14,10
497,2023-03-09,10
497,2023-04-08,10
497,2023-05-08,10
498,2023-05-15,10
498,2023-06-14,10
498,2023-07-14,10
498,2023-08-13,10
498,2023-09-12,10
499,2023-04-15,10
500,2023-03-24,10
500,2023-04-23,10
500,2023-05-23,10
500,2023-06-22,10
501,2023-01-26,10
501,2023-02-25,10
501,2023-03-27,10
502,2023-07-07,10
502,2023-08-06,10
502,2023-09-05,10
502,2023-10-05,10
503,2023-04-03,10
503,2023-05-03,10
503,2023-06-02,10
503,2023-07-02,10
503,2023-08-01,10
504,2023-07-11,10
504,2023-08-10,10
504,2023-09-09,10
504,2023-10-09,10
504,2023-11-08,10
505,2023-07-03,10
505,2023-08-02,10
505,2023-09-01,10
505,2023-10-01,10
505,2023-10-31,10
506,2023-03-27,10
506,2023-04-26,10
506,2023-05-26,10
506,2023-06-25,10
506,2023-07-25,10
506,2023-08-24,10
506,2023-09-23,10
507,2023-01-28,10
507,2023-02-27,10
507,2023-03-29,10
507,2023-04-28,10
507,2023-05-28,10
507,2023-06-27,10
507,2023-07-27,10
507,2023-08-26,10
508,2023-05-17,10
508,2023-06-16,10
508,2023-07-16,10
508,2023-08-15,10
508,2023-09-14,10
509,2023-01-05,10
509,2023-02-04,10
509,2023-03-06,10
509,2023-04-05,10
509,2023-05-05,10
509,2023-06-04,10
509,2023-07-04,10
509,2023-08-03,10
509,2023-09-02,10
510,2023-07-13,10
510,2023-08-12,10
510,2023-09-11,10
510,2023-10-11,10
510,2023-11-10,10
510,2023-12-10,10
511,2023-01-17,10
511,2023-02-16,10
512,2023-05-19,10
512,2023-06-18,10
512,2023-07-18,10
512,2023-08-17,10
512,2023-09-16,10
512,2023-10-16,10
512,2023-11-15,10
512,2023-12-15,10
513,2023-02-20,10
513,2023-03-22,10
513,2023-04-21,10
514,2023-02-27,10
514,2023-03-29,10
514,2023-04-28,10
514,2023-05-28,10
514,2023-06-27,10
515,2023-03-02,10
515,2023-04-01,10
515,2023-05-01,10
515,2023-05-31,10
515,2023-06-30,10
516,2023-07-10,10
516,2023-08-09,10
516,2023-09-08,10
516,2023-10-08,10
517,2023-07-15,10
517,2023-08-14,10
517,2023-09-13,10
517,2023-10-13,10
517,2023-11-12,10
517,2023-12-12,10
518,2023-01-18,10
518,2023-02-17,10
518,2023-03-19,10
518,2023-04-18,10
518,2023-05-18,10
518,2023-06-17,10
519,2023-07-17,10
519,2023-08-16,10
519,2023-09-15,10
519,2023-10-15,10
519,2023-11-14,10
519,2023-12-14,10
520,2023-06-25,10
520,2023-07-25,10
520,2023-08-24,10
520,2023-09-23,10
520,2023-10-23,10
520,2023-11-22,10
520,2023-12-22,10
521,2023-07-18,10
521,2023-08-17,10
521,2023-09-16,10
522,2023-07-09,10
522,2023-08-08,10
522,2023-09-07,10
523,2023-01-02,10
523,2023-02-01,10
523,2023-03-03,10
523,2023-04-02,10
523,2023-05-02,10
523,2023-06-01,10
523,2023-07-01,10
523,2023-07-31,10
524,2023-07-19,10
524,2023-08-18,10
524,2023-09-17,10
524,2023-10-17,10
524,2023-11-16,10
525,2023-04-03,10
525,2023-05-03,10
525,2023-06-02,10
525,2023-07-02,10
525,2023-08-01,10
525,2023-08-31,10
525,2023-09-30,10
526,2023-04-12,10
526,2023-05-12,10
526,2023-06-11,10
526,2023-07-11,10
526,2023-08-10,10
526,2023-09-09,10
526,2023-10-09,10
526,2023-11-08,10
526,2023-12-08,10
527,2023-02-08,10
527,2023-03-10,10
527,2023-04-09,10
527,2023-05-09,10
528,2023-05-24,10
528,2023-06-23,10
529,2023-06-30,10
529,2023-07-30,10
529,2023-08-29,10
529,2023-09-28,10
529,2023-10-28,10
529,2023-11-27,10
529,2023-12-27,10
530,2023-03-12,10
530,2023-04-11,10
531,2023-03-31,10
531,2023-04-30,10
531,2023-05-30,10
531,2023-06-29,10
532,2023-05-16,10
532,2023-06-15,10
532,2023-07-15,10
532,2023-08-14,10
533,2023-01-21,10
533,2023-02-20,10
533,2023-03-22,10
533,2023-04-21,10
533,2023-05-21,10
534,2023-06-12,10
534,2023-07-12,10
534,2023-08-11,10
534,2023-09-10,10
534,2023-10-10,10
534,2023-11-09,10
535,2023-05-10,10
535,2023-06-09,10
535,2023-07-09,10
535,2023-08-08,10
535,2023-09-07,10
536,2023-03-30,10
536,2023-04-29,10
536,2023-05-29,10
536,2023-06-28,10
536,2023-07-28,10
536,2023-08-27,10
537,2023-06-20,10
537,2023-07-20,10
537,2023-08-19,10
538,2023-05-05,10
538,2023-06-04,10
538,2023-07-04,10
538,2023-08-03,10
538,2023-09-02,10
538,2023-10-02,10
538,2023-11-01,10
539,2023-07-11,10
539,2023-08-10,10
539,2023-09-09,10
539,2023-10-09,10
539,2023-11-08,10
539,2023-12-08,10
540,2023-03-14,10
540,2023-04-13,10
540,2023-05-13,10
540,2023-06-12,10
540,2023-07-12,10
540,2023-08-11,10
540,2023-09-10,10
541,2023-07-03,10
541,2023-08-02,10
541,2023-09-01,10
541,2023-10-01,10
541,2023-10-31,10
541,2023-11-30,10
541,2023-12-30,10
542,2023-06-01,10
542,2023-07-01,10
542,2023-07-31,10
542,2023-08-30,10
543,2023-02-15,10
543,2023-03-17,10
544,2023-03-25,10
545,2023-01-11,10
545,2023-02-10,10
545,2023-03-12,10
545,2023-04-11,10
545,2023-05-11,10
545,2023-06-10,10
545,2023-07-10,10
545,2023-08-09,10
545,2023-09-08,10
546,2023-06-04,10
546,2023-07-04,10
546,2023-08-03,10
546,2023-09-02,10
546,2023-10-02,10
546,2023-11-01,10
546,2023-12-01,10
547,2023-02-12,10
548,2023-01-13,10
548,2023-02-12,10
548,2023-03-14,10
548,2023-04-13,10
548,2023-05-13,10
549,2023-03-12,10
549,2023-04-11,10
549,2023-05-11,10
549,2023-06-10,10
549,2023-07-10,10
549,2023-08-09,10
549,2023-09-08,10
549,2023-10-08,10
549,2023-11-07,10
550,2023-06-05,10
550,2023-07-05,10
550,2023-08-04,10
550,2023-09-03,10
550,2023-10-03,10
550,2023-11-02,10
551,2023-02-28,10
551,2023-03-30,10
551,2023-04-29,10
551,2023-05-29,10
551,2023-06-28,10
552,2023-03-10,10
552,2023-04-09,10
552,2023-05-09,10
552,2023-06-08,10
552,2023-07-08,10
552,2023-08-07,10
552,2023-09-06,10
552,2023-10-06,10
552,2023-11-05,10
553,2023-06-22,10
554,2023-05-24,10
554,2023-06-23,10
554,2023-07-23,10
554,2023-08-22,10
554,2023-09-21,10
555,2023-01-01,10
555,2023-01-31,10
556,2023-02-25,10
556,2023-03-27,10
556,2023-04-26,10
556,2023-05-26,10
556,2023-06-25,10
556,2023-07-25,10
556,2023-08-24,10
557,2023-03-17,10
557,2023-04-16,10
557,2023-05-16,10
557,2023-06-15,10
557,2023-07-15,10
557,2023-08-14,10
558,2023-02-05,10
558,2023-03-07,10
558,2023-04-06,10
558,2023-05-06,10
558,2023-06-05,10
558,2023-07-05,10
558,2023-08-04,10
559,2023-07-05,10
559,2023-08-04,10
560,2023-01-26,10
561,2023-03-19,10
561,2023-04-18,10
561,2023-05-18,10
561,2023-06-17,10
561,2023-07-17,10
561,2023-08-16,10
561,2023-09-15,10
562,2023-04-06,10
562,2023-05-06,10
562,2023-06-05,10
562,2023-07-05,10
562,2023-08-04,10
562,2023-09-03,10
563,2023-07-08,10
563,2023-08-07,10
563,2023-09-06,10
563,2023-10-06,10
563,2023-11-05,10
563,2023-12-05,10
564,2023-04-03,10
564,2023-05-03,10
564,2023-06-02,10
564,2023-07-02,10
564,2023-08-01,10
564,2023-08-31,10
564,2023-09-30,10
564,2023-10-30,10
565,2023-07-08,10
565,2023-08-07,10
565,2023-09-06,10
565,2023-10-06,10
566,2023-05-20,10
566,2023-06-19,10
566,2023-07-19,10
566,2023-08-18,10
566,2023-09-17,10
566,2023-10-17,10
566,2023-11-16,10
567,2023-03-18,10
567,2023-04-17,10
568,2023-01-16,10
568,2023-02-15,10
569,2023-03-05,10
569,2023-04-04,10
569,2023-05-04,10
569,2023-06-03,10
569,2023-07-03,10
569,2023-08-02,10
569,2023-09-01,10
570,2023-03-09,10
570,2023-04-08,10
570,2023-05-08,10
571,2023-05-26,10
571,2023-06-25,10
571,2023-07-25,10
571,2023-08-24,10
571,2023-09-23,10
571,2023-10-23,10
571,2023-11-22,10
572,2023-01-30,10
572,2023-03-01,10
573,2023-07-18,10
574,2023-02-01,10
574,2023-03-03,10
574,2023-04-02,10
574,2023-05-02,10
574,2023-06-01,10
574,2023-07-01,10
574,2023-07-31,10
575,2023-05-09,10
575,2023-06-08,10
575,2023-07-08,10
575,2023-08-07,10
575,2023-09-06,10
575,2023-10-06,10
576,2023-03-07,10
576,2023-04-06,10
576,2023-05-06,10
576,2023-06-05,10
576,2023-07-05,10
576,2023-08-04,10
576,2023-09-03,10
576,2023-10-03,10
577,2023-04-02,10
577,2023-05-02,10
577,2023-06-01,10
577,2023-07-01,10
577,2023-07-31,10
578,2023-01-29,10
578,2023-02-28,10
578,2023-03-30,10
578,2023-04-29,10
579,2023-07-06,10
579,2023-08-05,10
579,2023-09-04,10
579,2023-10-04,10
579,2023-11-03,10
579,2023-12-03,10
580,2023-07-08,10
580,2023-08-07,10
580,2023-09-06,10
580,2023-10-06,10
581,2023-07-07,10
581,2023-08-06,10
581,2023-09-05,10
581,2023-10-05,10
581,2023-11-04,10
581,2023-12-04,10
582,2023-01-02,10
582,2023-02-01,10
582,2023-03-03,10
582,2023-04-02,10
582,2023-05-02,10
582,2023-06-01,10
582,2023-07-01,10
582,2023-07-31,10
582,2023-08-30,10
583,2023-04-13,10
583,2023-05-13,10
583,2023-06-12,10
583,2023-07-12,10
583,2023-08-11,10
583,2023-09-10,10
584,2023-04-06,10
584,2023-05-06,10
584,2023-06-05,10
584,2023-07-05,10
584,2023-08-04,10
584,2023-09-03,10
584,2023-10-03,10
585,2023-02-28,10
585,2023-03-30,10
585,2023-04-29,10
586,2023-05-16,10
586,2023-06-15,10
586,2023-07-15,10
586,2023-08-14,10
586,2023-09-13,10
586,2023-10-13,10
586,2023-11-12,10
587,2023-04-04,10
587,2023-05-04,10
587,2023-06-03,10
587,2023-07-03,10
587,2023-08-02,10
587,2023-09-01,10
587,2023-10-01,10
587,2023-10-31,10
588,2023-04-13,10
589,2023-02-26,10
589,2023-03-28,10
590,2023-06-16,10
590,2023-07-16,10
590,2023-08-15,10
590,2023-09-14,10
591,2023-03-21,10
591,2023-04-20,10
591,2023-05-20,10
591,2023-06-19,10
591,2023-07-19,10
591,2023-08-18,10
591,2023-09-17,10
591,2023-10-17,10
591,2023-11-16,10
592,2023-05-06,10
592,2023-06-05,10
592,2023-07-05,10
592,2023-08-04,10
593,2023-06-16,10
593,2023-07-16,10
593,2023-08-15,10
593,2023-09-14,10
593,2023-10-14,10
593,2023-11-13,10
593,2023-12-13,10
594,2023-03-07,10
594,2023-04-06,10
595,2023-05-14,10
595,2023-06-13,10
595,2023-07-13,10
595,2023-08-12,10
595,2023-09-11,10
595,2023-10-11,10
595,2023-11-10,10
596,2023-06-20,10
596,2023-07-20,10
596,2023-08-19,10
596,2023-09-18,10
596,2023-10-18,10
596,2023-11-17,10
596,2023-12-17,10
597,2023-01-27,10
597,2023-02-26,10
597,2023-03-28,10
597,2023-04-27,10
597,2023-05-27,10
597,2023-06-26,10
597,2023-07-26,10
597,2023-08-25,10
598,2023-01-31,10
598,2023-03-02,10
599,2023-07-13,10
599,2023-08-12,10
599,2023-09-11,10
599,2023-10-11,10
599,2023-11-10,10
599,2023-12-10,10
600,2023-04-03,10
600,2023-05-03,10
600,2023-06-02,10
600,2023-07-02,10
600,2023-08-01,10
600,2023-08-31,10
601,2023-03-11,10
601,2023-04-10,10
601,2023-05-10,10
601,2023-06-09,10
601,2023-07-09,10
601,2023-08-08,10
601,2023-09-07,10
602,2023-02-03,10
602,2023-03-05,10
602,2023-04-04,10
602,2023-05-04,10
602,2023-06-03,10
602,2023-07-03,10
602,2023-08-02,10
602,2023-09-01,10
602,2023-10-01,10
603,2023-02-28,10
603,2023-03-30,10
603,2023-04-29,10
603,2023-05-29,10
603,2023-06-28,10
603,2023-07-28,10
603,2023-08-27,10
603,2023-09-26,10
603,2023-10-26,10
604,2023-06-25,10
604,2023-07-25,10
604,2023-08-24,10
605,2023-05-17,10
605,2023-06-16,10
606,2023-03-01,10
606,2023-03-31,10
606,2023-04-30,10
607,2023-01-06,10
608,2023-02-03,10
608,2023-03-05,10
608,2023-04-04,10
608,2023-05-04,10
608,2023-06-03,10
608,2023-07-03,10
608,2023-08-02,10
609,2023-02-07,10
610,2023-04-05,10
610,2023-05-05,10
610,2023-06-04,10
610,2023-07-04,10
610,2023-08-03,10
610,2023-09-02,10
610,2023-10-02,10
611,2023-02-13,10
611,2023-03-15,10
611,2023-04-14,10
611,2023-05-14,10
611,2023-06-13,10
612,2023-04-25,10
613,2023-02-28,10
613,2023-03-30,10
614,2023-03-26,10
614,2023-04-25,10
614,2023-05-25,10
614,2023-06-24,10
614,2023-07-24,10
614,2023-08-23,10
614,2023-09-22,10
614,2023-10-22,10
615,2023-03-29,10
615,2023-04-28,10
615,2023-05-28,10
615,2023-06-27,10
616,2023-05-19,10
616,2023-06-18,10
616,2023-07-18,10
616,2023-08-17,10
617,2023-05-26,10
617,2023-06-25,10
618,2023-06-26,10
618,2023-07-26,10
618,2023-08-25,10
618,2023-09-24,10
619,2023-02-18,10
619,2023-03-20,10
619,2023-04-19,10
619,2023-05-19,10
619,2023-06-18,10
619,2023-07-18,10
619,2023-08-17,10
619,2023-09-16,10
620,2023-02-14,10
620,2023-03-16,10
621,2023-05-09,10
621,2023-06-08,10
621,2023-07-08,10
621,2023-08-07,10
621,2023-09-06,10
621,2023-10-06,10
621,2023-11-05,10
621,2023-12-05,10
622,2023-03-23,10
622,2023-04-22,10
622,2023-05-22,10
622,2023-06-21,10
622,2023-07-21,10
622,2023-08-20,10
622,2023-09-19,10
622,2023-10-19,10
623,2023-04-18,10
623,2023-05-18,10
623,2023-06-17,10
623,2023-07-17,10
623,2023-08-16,10
623,2023-09-15,10
623,2023-10-15,10
623,2023-11-14,10
623,2023-12-14,10
624,2023-05-12,10
624,2023-06-11,10
624,2023-07-11,10
624,2023-08-10,10
624,2023-09-09,10
624,2023-10-09,10
625,2023-01-06,10
625,2023-02-05,10
625,2023-03-07,10
625,2023-04-06,10
626,2023-03-05,10
626,2023-04-04,10
626,2023-05-04,10
626,2023-06-03,10
626,2023-07-03,10
626,2023-08-02,10
626,2023-09-01,10
626,2023-10-01,10
626,2023-10-31,10
627,2023-06-25,10
627,2023-07-25,10
627,2023-08-24,10
627,2023-09-23,10
627,2023-10-23,10
627,2023-11-22,10
628,2023-06-21,10
628,2023-07-21,10
628,2023-08-20,10
628,2023-09-19,10
628,2023-10-19,10
628,2023-11-18,10
628,2023-12-18,10
629,2023-05-30,10
629,2023-06-29,10
629,2023-07-29,10
629,2023-08-28,10
629,2023-09-27,10
629,2023-10-27,10
630,2023-05-27,10
630,2023-06-26,10
630,2023-07-26,10
630,2023-08-25,10
631,2023-04-22,10
631,2023-05-22,10
631,2023-06-21,10
631,2023-07-21,10
631,2023-08-20,10
631,2023-09-19,10
631,2023-10-19,10
632,2023-04-15,10
632,2023-05-15,10
632,2023-06-14,10
632,2023-07-14,10
633,2023-06-30,10
634,2023-02-25,10
634,2023-03-27,10
634,2023-04-26,10
634,2023-05-26,10
634,2023-06-25,10
634,2023-07-25,10
634,2023-08-24,10
634,2023-09-23,10
635,2023-01-27,10
635,2023-02-26,10
635,2023-03-28,10
635,2023-04-27,10
635,2023-05-27,10
635,2023-06-26,10
636,2023-05-17,10
636,2023-06-16,10
636,2023-07-16,10
636,2023-08-15,10
636,2023-09-14,10
636,2023-10-14,10
636,2023-11-13,10
636,2023-12-13,10
637,2023-05-09,10
637,2023-06-08,10
638,2023-03-07,10
638,2023-04-06,10
638,2023-05-06,10
638,2023-06-05,10
638,2023-07-05,10
638,2023-08-04,10
638,2023-09-03,10
639,2023-01-09,10
639,2023-02-08,10
639,2023-03-10,10
639,2023-04-09,10
640,2023-03-15,10
640,2023-04-14,10
640,2023-05-14,10
640,2023-06-13,10
641,2023-04-07,10
641,2023-05-07,10
641,2023-06-06,10
641,2023-07-06,10
641,2023-08-05,10
642,2023-02-03,10
642,2023-03-05,10
642,2023-04-04,10
643,2023-02-05,10
643,2023-03-07,10
643,2023-04-06,10
643,2023-05-06,10
643,2023-06-05,10
644,2023-01-09,10
644,2023-02-08,10
644,2023-03-10,10
644,2023-04-09,10
644,2023-05-09,10
645,2023-07-14,10
645,2023-08-13,10
645,2023-09-12,10
646,2023-06-01,10
646,2023-07-01,10
646,2023-07-31,10
646,2023-08-30,10
646,2023-09-29,10
646,2023-10-29,10
646,2023-11-28,10
646,2023-12-28,10
647,2023-07-19,10
647,2023-08-18,10
648,2023-02-19,10
648,2023-03-21,10
648,2023-04-20,10
648,2023-05-20,10
648,2023-06-19,10
648,2023-07-19,10
648,2023-08-18,10
648,2023-09-17,10
649,2023-04-01,10
650,2023-03-07,10
650,2023-04-06,10
650,2023-05-06,10
650,2023-06-05,10
650,2023-07-05,10
651,2023-03-18,10
651,2023-04-17,10
651,2023-05-17,10
651,2023-06-16,10
651,2023-07-16,10
651,2023-08-15,10
651,2023-09-14,10
652,2023-04-25,10
652,2023-05-25,10
652,2023-06-24,10
652,2023-07-24,10
652,2023-08-23,10
652,2023-09-22,10
652,2023-10-22,10
652,2023-11-21,10
653,2023-05-11,10
653,2023-06-10,10
654,2023-04-02,10
654,2023-05-02,10
654,2023-06-01,10
654,2023-07-01,10
654,2023-07-31,10
654,2023-08-30,10
654,2023-09-29,10
654,2023-10-29,10
654,2023-11-28,10
655,2023-03-13,10
655,2023-04-12,10
655,2023-05-12,10
655,2023-06-11,10
655,2023-07-11,10
655,2023-08-10,10
655,2023-09-09,10
655,2023-10-09,10
656,2023-06-26,10
656,2023-07-26,10
657,2023-01-20,10
658,2023-03-06,10
658,2023-04-05,10
658,2023-05-05,10
658,2023-06-04,10
658,2023-07-04,10
659,2023-05-10,10
659,2023-06-09,10
660,2023-04-01,10
660,2023-05-01,10
660,2023-05-31,10
661,2023-02-03,10
661,2023-03-05,10
661,2023-04-04,10
661,2023-05-04,10
661,2023-06-03,10
661,2023-07-03,10
661,2023-08-02,10
661,2023-09-01,10
662,2023-03-17,10
662,2023-04-16,10
663,2023-02-04,10
663,2023-03-06,10
663,2023-04-05,10
663,2023-05-05,10
663,2023-06-04,10
663,2023-07-04,10
664,2023-05-24,10
664,2023-06-23,10
664,2023-07-23,10
664,2023-08-22,10
664,2023-09-21,10
664,2023-10-21,10
664,2023-11-20,10
664,2023-12-20,10
665,2023-01-16,10
665,2023-02-15,10
665,2023-03-17,10
665,2023-04-16,10
665,2023-05-16,10
665,2023-06-15,10
665,2023-07-15,10
665,2023-08-14,10
666,2023-05-15,10
666,2023-06-14,10
666,2023-07-14,10
666,2023-08-13,10
666,2023-09-12,10
666,2023-10-12,10
666,2023-11-11,10
666,2023-12-11,10
667,2023-06-21,10
667,2023-07-21,10
667,2023-08-20,10
667,2023-09-19,10
667,2023-10-19,10
668,2023-06-03,10
668,2023-07-03,10
668,2023-08-02,10
668,2023-09-01,10
669,2023-05-03,10
669,2023-06-02,10
669,2023-07-02,10
669,2023-08-01,10
670,2023-06-24,10
670,2023-07-24,10
670,2023-08-23,10
670,2023-09-22,10
670,2023-10-22,10
670,2023-11-21,10
670,2023-12-21,10
671,2023-02-26,10
671,2023-03-28,10
672,2023-02-26,10
672,2023-03-28,10
672,2023-04-27,10
672,2023-05-27,10
672,2023-06-26,10
672,2023-07-26,10
672,2023-08-25,10
673,2023-02-21,10
673,2023-03-23,10
673,2023-04-22,10
673,2023-05-22,10
673,2023-06-21,10
673,2023-07-21,10
673,2023-08-20,10
674,2023-01-28,10
675,2023-06-27,10
675,2023-07-27,10
675,2023-08-26,10
675,2023-09-25,10
675,2023-10-25,10
675,2023-11-24,10
676,2023-05-12,10
676,2023-06-11,10
676,2023-07-11,10
677,2023-02-25,10
677,2023-03-27,10
677,2023-04-26,10
677,2023-05-26,10
677,2023-06-25,10
677,2023-07-25,10
677,2023-08-24,10
678,2023-04-26,10
679,2023-06-07,10
680,2023-01-21,10
680,2023-02-20,10
681,2023-02-25,10
681,2023-03-27,10
681,2023-04-26,10
681,2023-05-26,10
681,2023-06-25,10
681,2023-07-25,10
681,2023-08-24,10
681,2023-09-23,10
682,2023-01-27,10
682,2023-02-26,10
683,2023-05-05,10
683,2023-06-04,10
683,2023-07-04,10
683,2023-08-03,10
684,2023-01-23,10
684,2023-02-22,10
684,2023-03-24,10
684,2023-04-23,10
684,2023-05-23,10
684,2023-06-22,10
684,2023-07-22,10
684,2023-08-21,10
684,2023-09-20,10
685,2023-06-20,10
685,2023-07-20,10
685,2023-08-19,10
685,2023-09-18,10
685,2023-10-18,10
685,2023-11-17,10
685,2023-12-17,10
686,2023-07-06,10
686,2023-08-05,10
686,2023-09-04,10
687,2023-01-30,10
687,2023-03-01,10
687,2023-03-31,10
688,2023-01-08,10
688,2023-02-07,10
688,2023-03-09,10
689,2023-01-16,10
689,2023-02-15,10
689,2023-03-17,10
689,2023-04-16,10
689,2023-05-16,10
689,2023-06-15,10
689,2023-07-15,10
689,2023-08-14,10
690,2023-05-21,10
690,2023-06-20,10
691,2023-04-13,10
691,2023-05-13,10
691,2023-06-12,10
692,2023-01-29,10
693,2023-05-11,10
694,2023-05-02,10
694,2023-06-01,10
694,2023-07-01,10
694,2023-07-31,10
694,2023-08-30,10
694,2023-09-29,10
694,2023-10-29,10
694,2023-11-28,10
694,2023-12-28,10
695,2023-01-12,10
695,2023-02-11,10
696,2023-06-07,10
696,2023-07-07,10
696,2023-08-06,10
696,2023-09-05,10
696,2023-10-05,10
697,2023-01-21,10
698,2023-02-15,10
699,2023-07-14,10
699,2023-08-13,10
699,2023-09-12,10
700,2023-05-14,10
700,2023-06-13,10
700,2023-07-13,10
700,2023-08-12,10
700,2023-09-11,10
700,2023-10-11,10
700,2023-11-10,10
701,2023-05-13,10
701,2023-06-12,10
701,2023-07-12,10
701,2023-08-11,10
701,2023-09-10,10
701,2023-10-10,10
702,2023-03-26,10
702,2023-04-25,10
702,2023-05-25,10
702,2023-06-24,10
702,2023-07-24,10
703,2023-02-15,10
703,2023-03-17,10
703,2023-04-16,10
703,2023-05-16,10
703,2023-06-15,10
703,2023-07-15,10
703,2023-08-14,10
703,2023-09-13,10
704,2023-03-15,10
705,2023-07-12,10
706,2023-04-06,10
706,2023-05-06,10
706,2023-06-05,10
707,2023-07-14,10
707,2023-08-13,10
708,2023-03-21,10
708,2023-04-20,10
708,2023-05-20,10
709,2023-07-06,10
709,2023-08-05,10
710,2023-04-17,10
711,2023-02-06,10
711,2023-03-08,10
711,2023-04-07,10
712,2023-05-12,10
712,2023-06-11,10
713,2023-05-25,10
713,2023-06-24,10
713,2023-07-24,10
713,2023-08-23,10
713,2023-09-22,10
714,2023-01-26,10
714,2023-02-25,10
714,2023-03-27,10
714,2023-04-26,10
715,2023-06-04,10
715,2023-07-04,10
715,2023-08-03,10
715,2023-09-02,10
715,2023-10-02,10
716,2023-02-23,10
716,2023-03-25,10
716,2023-04-24,10
716,2023-05-24,10
716,2023-06-23,10
716,2023-07-23,10
717,2023-01-16,10
717,2023-02-15,10
717,2023-03-17,10
717,2023-04-16,10
718,2023-02-25,10
718,2023-03-27,10
718,2023-04-26,10
718,2023-05-26,10
718,2023-06-25,10
718,2023-07-25,10
719,2023-02-21,10
719,2023-03-23,10
719,2023-04-22,10
719,2023-05-22,10
719,2023-06-21,10
719,2023-07-21,10
720,2023-02-11,10
720,2023-03-13,10
720,2023-04-12,10
720,2023-05-12,10
720,2023-06-11,10
720,2023-07-11,10
720,2023-08-10,10
720,2023-09-09,10
721,2023-02-05,10
721,2023-03-07,10
722,2023-02-07,10
722,2023-03-09,10
722,2023-04-08,10
722,2023-05-08,10
722,2023-06-07,10
722,2023-07-07,10
723,2023-05-10,10
723,2023-06-09,10
724,2023-06-29,10
724,2023-07-29,10
724,2023-08-28,10
724,2023-09-27,10
724,2023-10-27,10
724,2023-11-26,10
725,2023-02-07,10
725,2023-03-09,10
725,2023-04-08,10
725,2023-05-08,10
725,2023-06-07,10
725,2023-07-07,10
725,2023-08-06,10
725,2023-09-05,10
725,2023-10-05,10
726,2023-02-08,10
726,2023-03-10,10
726,2023-04-09,10
726,2023-05-09,10
726,2023-06-08,10
726,2023-07-08,10
726,2023-08-07,10
726,2023-09-06,10
726,2023-10-06,10
727,2023-03-16,10
727,2023-04-15,10
727,2023-05-15,10
727,2023-06-14,10
727,2023-07-14,10
727,2023-08-13,10
727,2023-09-12,10
727,2023-10-12,10
728,2023-07-18,10
728,2023-08-17,10
728,2023-09-16,10
728,2023-10-16,10
728,2023-11-15,10
728,2023-12-15,10
729,2023-05-05,10
729,2023-06-04,10
729,2023-07-04,10
729,2023-08-03,10
729,2023-09-02,10
729,2023-10-02,10
729,2023-11-01,10
729,2023-12-01,10
730,2023-04-06,10
730,2023-05-06,10
730,2023-06-05,10
731,2023-07-19,10
732,2023-06-29,10
732,2023-07-29,10
732,2023-08-28,10
732,2023-09-27,10
732,2023-10-27,10
732,2023-11-26,10
732,2023-12-26,10
733,2023-02-07,10
733,2023-03-09,10
733,2023-04-08,10
733,2023-05-08,10
733,2023-06-07,10
733,2023-07-07,10
734,2023-06-25,10
735,2023-04-20,10
735,2023-05-20,10
736,2023-07-13,10
737,2023-04-07,10
737,2023-05-07,10
738,2023-04-15,10
738,2023-05-15,10
738,2023-06-14,10
738,2023-07-14,10
738,2023-08-13,10
738,2023-09-12,10
738,2023-10-12,10
738,2023-11-11,10
739,2023-03-31,10
739,2023-04-30,10
739,2023-05-30,10
739,2023-06-29,10
739,2023-07-29,10
739,2023-08-28,10
739,2023-09-27,10
739,2023-10-27,10
740,2023-07-10,10
740,2023-08-09,10
740,2023-09-08,10
740,2023-10-08,10
740,2023-11-07,10
741,2023-05-11,10
741,2023-06-10,10
741,2023-07-10,10
741,2023-08-09,10
741,2023-09-08,10
741,2023-10-08,10
741,2023-11-07,10
741,2023-12-07,10
742,2023-01-21,10
742,2023-02-20,10
742,2023-03-22,10
742,2023-04-21,10
743,2023-06-03,10
743,2023-07-03,10
743,2023-08-02,10
743,2023-09-01,10
744,2023-07-06,10
744,2023-08-05,10
744,2023-09-04,10
744,2023-10-04,10
744,2023-11-03,10
745,2023-06-06,10
745,2023-07-06,10
745,2023-08-05,10
745,2023-09-04,10
746,2023-03-15,10
746,2023-04-14,10
746,2023-05-14,10
746,2023-06-13,10
746,2023-07-13,10
746,2023-08-12,10
747,2023-07-05,10
748,2023-07-12,10
748,2023-08-11,10
748,2023-09-10,10
748,2023-10-10,10
749,2023-05-30,10
749,2023-06-29,10
749,2023-07-29,10
749,2023-08-28,10
750,2023-06-20,10
751,2023-05-19,10
751,2023-06-18,10
751,2023-07-18,10
751,2023-08-17,10
751,2023-09-16,10
751,2023-10-16,10
751,2023-11-15,10
751,2023-12-15,10
752,2023-05-10,10
752,2023-06-09,10
752,2023-07-09,10
752,2023-08-08,10
752,2023-09-07,10
753,2023-02-08,10
753,2023-03-10,10
753,2023-04-09,10
753,2023-05-09,10
753,2023-06-08,10
753,2023-07-08,10
753,2023-08-07,10
754,2023-01-07,10
754,2023-02-06,10
754,2023-03-08,10
754,2023-04-07,10
754,2023-05-07,10
754,2023-06-06,10
754,2023-07-06,10
755,2023-03-13,10
755,2023-04-12,10
755,2023-05-12,10
755,2023-06-11,10
755,2023-07-11,10
755,2023-08-10,10
755,2023-09-09,10
755,2023-10-09,10
755,2023-11-08,10
756,2023-01-17,10
756,2023-02-16,10
756,2023-03-18,10
756,2023-04-17,10
757,2023-05-08,10
757,2023-06-07,10
757,2023-07-07,10
757,2023-08-06,10
758,2023-03-06,10
758,2023-04-05,10
758,2023-05-05,10
758,2023-06-04,10
758,2023-07-04,10
759,2023-01-05,10
759,2023-02-04,10
760,2023-06-06,10
760,2023-07-06,10
760,2023-08-05,10
760,2023-09-04,10
760,2023-10-04,10
761,2023-06-09,10
761,2023-07-09,10
761,2023-08-08,10
761,2023-09-07,10
761,2023-10-07,10
761,2023-11-06,10
762,2023-06-30,10
762,2023-07-30,10
762,2023-08-29,10
762,2023-09-28,10
762,2023-10-28,10
763,2023-01-10,10
763,2023-02-09,10
763,2023-03-11,10
763,2023-04-10,10
763,2023-05-10,10
763,2023-06-09,10
763,2023-07-09,10
763,2023-08-08,10
763,2023-09-07,10
764,2023-03-05,10
764,2023-04-04,10
764,2023-05-04,10
764,2023-06-03,10
765,2023-06-07,10
765,2023-07-07,10
766,2023-02-07,10
766,2023-03-09,10
766,2023-04-08,10
766,2023-05-08,10
766,2023-06-07,10
767,2023-02-18,10
767,2023-03-20,10
767,2023-04-19,10
768,2023-06-05,10
768,2023-07-05,10
768,2023-08-04,10
769,2023-04-06,10
769,2023-05-06,10
770,2023-04-19,10
770,2023-05-19,10
770,2023-06-18,10
770,2023-07-18,10
770,2023-08-17,10
770,2023-09-16,10
770,2023-10-16,10
770,2023-11-15,10
770,2023-12-15,10
771,2023-04-16,10
771,2023-05-16,10
771,2023-06-15,10
771,2023-07-15,10
771,2023-08-14,10
772,2023-05-09,10
772,2023-06-08,10
773,2023-01-13,10
773,2023-02-12,10
773,2023-03-14,10
773,2023-04-13,10
773,2023-05-13,10
773,2023-06-12,10
774,2023-02-24,10
774,2023-03-26,10
774,2023-04-25,10
775,2023-07-06,10
775,2023-08-05,10
775,2023-09-04,10
775,2023-10-04,10
776,2023-04-15,10
776,2023-05-15,10
776,2023-06-14,10
776,2023-07-14,10
776,2023-08-13,10
776,2023-09-12,10
776,2023-10-12,10
776,2023-11-11,10
776,2023-12-11,10
777,2023-04-23,10
777,2023-05-23,10
777,2023-06-22,10
777,2023-07-22,10
777,2023-08-21,10
777,2023-09-20,10
778,2023-03-03,10
779,2023-02-12,10
779,2023-03-14,10
780,2023-04-22,10
780,2023-05-22,10
780,2023-06-21,10
780,2023-07-21,10
780,2023-08-20,10
780,2023-09-19,10
781,2023-03-19,10
781,2023-04-18,10
781,2023-05-18,10
782,2023-05-19,10
782,2023-06-18,10
782,2023-07-18,10
782,2023-08-17,10
783,2023-03-02,10
783,2023-04-01,10
784,2023-04-15,10
784,2023-05-15,10
784,2023-06-14,10
785,2023-06-22,10
785,2023-07-22,10
785,2023-08-21,10
785,2023-09-20,10
785,2023-10-20,10
785,2023-11-19,10
785,2023-12-19,10
786,2023-06-27,10
786,2023-07-27,10
786,2023-08-26,10
786,2023-09-25,10
787,2023-07-02,10
787,2023-08-01,10
787,2023-08-31,10
787,2023-09-30,10
787,2023-10-30,10
787,2023-11-29,10
788,2023-05-26,10
788,2023-06-25,10
788,2023-07-25,10
788,2023-08-24,10
788,2023-09-23,10
788,2023-10-23,10
789,2023-04-26,10
789,2023-05-26,10
789,2023-06-25,10
790,2023-07-02,10
790,2023-08-01,10
790,2023-08-31,10
791,2023-06-29,10
791,2023-07-29,10
791,2023-08-28,10
791,2023-09-27,10
791,2023-10-27,10
791,2023-11-26,10
791,2023-12-26,10
792,2023-01-25,10
793,2023-05-18,10
793,2023-06-17,10
793,2023-07-17,10
793,2023-08-16,10
793,2023-09-15,10
793,2023-10-15,10
793,2023-11-14,10
794,2023-06-30,10
794,2023-07-30,10
794,2023-08-29,10
794,2023-09-28,10
794,2023-10-28,10
794,2023-11-27,10
794,2023-12-27,10
795,2023-06-24,10
795,2023-07-24,10
795,2023-08-23,10
795,2023-09-22,10
795,2023-10-22,10
796,2023-06-08,10
796,2023-07-08,10
796,2023-08-07,10
796,2023-09-06,10
796,2023-10-06,10
796,2023-11-05,10
796,2023-12-05,10
797,2023-07-02,10
797,2023-08-01,10
797,2023-08-31,10
797,2023-09-30,10
797,2023-10-30,10
798,2023-03-02,10
798,2023-04-01,10
799,2023-06-07,10
799,2023-07-07,10
799,2023-08-06,10
800,2023-03-23,10
801,2023-02-15,10
801,2023-03-17,10
801,2023-04-16,10
801,2023-05-16,10
801,2023-06-15,10
802,2023-02-11,10
802,2023-03-13,10
802,2023-04-12,10
803,2023-02-04,10
803,2023-03-06,10
803,2023-04-05,10
803,2023-05-05,10
803,2023-06-04,10
803,2023-07-04,10
803,2023-08-03,10
803,2023-09-02,10
804,2023-02-19,10
804,2023-03-21,10
804,2023-04-20,10
805,2023-04-21,10
805,2023-05-21,10
805,2023-06-20,10
805,2023-07-20,10
805,2023-08-19,10
805,2023-09-18,10
805,2023-10-18,10
805,2023-11-17,10
805,2023-12-17,10
806,2023-05-03,10
806,2023-06-02,10
806,2023-07-02,10
806,2023-08-01,10
806,2023-08-31,10
806,2023-09-30,10
807,2023-07-13,10
807,2023-08-12,10
808,2023-06-25,10
808,2023-07-25,10
808,2023-08-24,10
808,2023-09-23,10
808,2023-10-23,10
808,2023-11-22,10
808,2023-12-22,10
809,2023-03-11,10
809,2023-04-10,10
809,2023-05-10,10
809,2023-06-09,10
809,2023-07-09,10
809,2023-08-08,10
809,2023-09-07,10
809,2023-10-07,10
810,2023-02-24,10
810,2023-03-26,10
811,2023-04-15,10
812,2023-02-22,10
812,2023-03-24,10
812,2023-04-23,10
812,2023-05-23,10
812,2023-06-22,10
812,2023-07-22,10
812,2023-08-21,10
813,2023-03-16,10
813,2023-04-15,10
813,2023-05-15,10
814,2023-06-15,10
814,2023-07-15,10
815,2023-05-28,10
815,2023-06-27,10
816,2023-07-19,10
816,2023-08-18,10
816,2023-09-17,10
816,2023-10-17,10
817,2023-01-24,10
817,2023-02-23,10
817,2023-03-25,10
817,2023-04-24,10
817,2023-05-24,10
817,2023-06-23,10
817,2023-07-23,10
817,2023-08-22,10
818,2023-07-16,10
818,2023-08-15,10
818,2023-09-14,10
818,2023-10-14,10
819,2023-07-16,10
819,2023-08-15,10
819,2023-09-14,10
819,2023-10-14,10
819,2023-11-13,10
819,2023-12-13,10
820,2023-04-17,10
820,2023-05-17,10
820,2023-06-16,10
820,2023-07-16,10
820,2023-08-15,10
820,2023-09-14,10
820,2023-10-14,10
820,2023-11-13,10
821,2023-04-23,10
821,2023-05-23,10
821,2023-06-22,10
821,2023-07-22,10
821,2023-08-21,10
821,2023-09-20,10
821,2023-10-20,10
821,2023-11-19,10
821,2023-12-19,10
822,2023-03-05,10
822,2023-04-04,10
822,2023-05-04,10
822,2023-06-03,10
822,2023-07-03,10
822,2023-08-02,10
823,2023-03-24,10
823,2023-04-23,10
823,2023-05-23,10
823,2023-06-22,10
823,2023-07-22,10
823,2023-08-21,10
823,2023-09-20,10
823,2023-10-20,10
823,2023-11-19,10
824,2023-01-29,10
824,2023-02-28,10
824,2023-03-30,10
824,2023-04-29,10
824,2023-05-29,10
825,2023-07-09,10
825,2023-08-08,10
825,2023-09-07,10
826,2023-02-15,10
826,2023-03-17,10
826,2023-04-16,10
826,2023-05-16,10
826,2023-06-15,10
826,2023-07-15,10
826,2023-08-14,10
827,2023-07-16,10
827,2023-08-15,10
827,2023-09-14,10
827,2023-10-14,10
827,2023-11-13,10
827,2023-12-13,10
828,2023-01-12,10
828,2023-02-11,10
829,2023-01-10,10
830,2023-06-07,10
830,2023-07-07,10
830,2023-08-06,10
831,2023-04-04,10
831,2023-05-04,10
831,2023-06-03,10
831,2023-07-03,10
832,2023-07-07,10
832,2023-08-06,10
832,2023-09-05,10
832,2023-10-05,10
832,2023-11-04,10
832,2023-12-04,10
833,2023-03-14,10
834,2023-03-26,10
834,2023-04-25,10
834,2023-05-25,10
834,2023-06-24,10
834,2023-07-24,10
834,2023-08-23,10
835,2023-01-09,10
835,2023-02-08,10
836,2023-07-01,10
837,2023-05-01,10
837,2023-05-31,10
837,2023-06-30,10
837,2023-07-30,10
838,2023-02-03,10
838,2023-03-05,10
838,2023-04-04,10
839,2023-01-05,10
839,2023-02-04,10
839,2023-03-06,10
839,2023-04-05,10
839,2023-05-05,10
839,2023-06-04,10
839,2023-07-04,10
839,2023-08-03,10
839,2023-09-02,10
840,2023-02-05,10
840,2023-03-07,10
840,2023-04-06,10
840,2023-05-06,10
840,2023-06-05,10
840,2023-07-05,10
840,2023-08-04,10
840,2023-09-03,10
840,2023-10-03,10
841,2023-05-03,10
841,2023-06-02,10
841,2023-07-02,10
841,2023-08-01,10
841,2023-08-31,10
841,2023-09-30,10
842,2023-05-13,10
842,2023-06-12,10
842,2023-07-12,10
842,2023-08-11,10
842,2023-09-10,10
842,2023-10-10,10
842,2023-11-09,10
843,2023-06-13,10
843,2023-07-13,10
844,2023-07-10,10
844,2023-08-09,10
845,2023-07-15,10
845,2023-08-14,10
845,2023-09-13,10
846,2023-05-25,10
846,2023-06-24,10
846,2023-07-24,10
846,2023-08-23,10
846,2023-09-22,10
847,2023-01-25,10
847,2023-02-24,10
847,2023-03-26,10
847,2023-04-25,10
847,2023-05-25,10
847,2023-06-24,10
847,2023-07-24,10
848,2023-03-18,10
848,2023-04-17,10
848,2023-05-17,10
848,2023-06-16,10
848,2023-07-16,10
849,2023-03-30,10
850,2023-01-16,10
850,2023-02-15,10
850,2023-03-17,10
850,2023-04-16,10
850,2023-05-16,10
850,2023-06-15,10
851,2023-05-24,10
851,2023-06-23,10
851,2023-07-23,10
851,2023-08-22,10
851,2023-09-21,10
852,2023-05-15,10
852,2023-06-14,10
852,2023-07-14,10
853,2023-06-12,10
853,2023-07-12,10
854,2023-04-26,10
854,2023-05-26,10
854,2023-06-25,10
855,2023-01-13,10
855,2023-02-12,10
855,2023-03-14,10
855,2023-04-13,10
855,2023-05-13,10
855,2023-06-12,10
855,2023-07-12,10
856,2023-04-21,10
856,2023-05-21,10
856,2023-06-20,10
856,2023-07-20,10
856,2023-08-19,10
857,2023-03-29,10
857,2023-04-28,10
858,2023-03-20,10
858,2023-04-19,10
858,2023-05-19,10
859,2023-03-03,10
859,2023-04-02,10
859,2023-05-02,10
859,2023-06-01,10
859,2023-07-01,10
859,2023-07-31,10
860,2023-07-08,10
860,2023-08-07,10
860,2023-09-06,10
860,2023-10-06,10
861,2023-07-06,10
861,2023-08-05,10
861,2023-09-04,10
861,2023-10-04,10
862,2023-04-21,10
862,2023-05-21,10
862,2023-06-20,10
863,2023-06-13,10
863,2023-07-13,10
863,2023-08-12,10
863,2023-09-11,10
863,2023-10-11,10
863,2023-11-10,10
863,2023-12-10,10
864,2023-05-11,10
864,2023-06-10,10
864,2023-07-10,10
864,2023-08-09,10
864,2023-09-08,10
864,2023-10-08,10
864,2023-11-07,10
864,2023-12-07,10
865,2023-03-07,10
865,2023-04-06,10
865,2023-05-06,10
865,2023-06-05,10
865,2023-07-05,10
865,2023-08-04,10
865,2023-09-03,10
865,2023-10-03,10
865,2023-11-02,10
866,2023-02-14,10
866,2023-03-16,10
866,2023-04-15,10
866,2023-05-15,10
866,2023-06-14,10
866,2023-07-14,10
867,2023-04-13,10
867,2023-05-13,10
867,2023-06-12,10
867,2023-07-12,10
867,2023-08-11,10
867,2023-09-10,10
868,2023-01-09,10
868,2023-02-08,10
868,2023-03-10,10
868,2023-04-09,10
868,2023-05-09,10
868,2023-06-08,10
868,2023-07-08,10
869,2023-07-05,10
869,2023-08-04,10
869,2023-09-03,10
869,2023-10-03,10
869,2023-11-02,10
869,2023-12-02,10
870,2023-06-15,10
870,2023-07-15,10
870,2023-08-14,10
870,2023-09-13,10
870,2023-10-13,10
871,2023-03-19,10
871,2023-04-18,10
872,2023-05-06,10
872,2023-06-05,10
873,2023-07-04,10
873,2023-08-03,10
873,2023-09-02,10
873,2023-10-02,10
874,2023-03-14,10
874,2023-04-13,10
874,2023-05-13,10
874,2023-06-12,10
874,2023-07-12,10
874,2023-08-11,10
874,2023-09-10,10
874,2023-10-10,10
875,2023-01-30,10
875,2023-03-01,10
875,2023-03-31,10
875,2023-04-30,10
875,2023-05-30,10
875,2023-06-29,10
875,2023-07-29,10
875,2023-08-28,10
875,2023-09-27,10
876,2023-01-01,10
876,2023-01-31,10
876,2023-03-02,10
876,2023-04-01,10
876,2023-05-01,10
876,2023-05-31,10
876,2023-06-30,10
876,2023-07-30,10
876,2023-08-29,10
877,2023-02-05,10
877,2023-03-07,10
877,2023-04-06,10
877,2023-05-06,10
878,2023-06-19,10
879,2023-06-13,10
879,2023-07-13,10
880,2023-07-17,10
881,2023-01-19,10
882,2023-04-17,10
882,2023-05-17,10
882,2023-06-16,10
882,2023-07-16,10
882,2023-08-15,10
882,2023-09-14,10
883,2023-06-27,10
883,2023-07-27,10
883,2023-08-26,10
883,2023-09-25,10
883,2023-10-25,10
883,2023-11-24,10
883,2023-12-24,10
884,2023-02-04,10
884,2023-03-06,10
884,2023-04-05,10
884,2023-05-05,10
884,2023-06-04,10
884,2023-07-04,10
884,2023-08-03,10
884,2023-09-02,10
884,2023-10-02,10
885,2023-03-05,10
885,2023-04-04,10
886,2023-02-12,10
886,2023-03-14,10
886,2023-04-13,10
886,2023-05-13,10
887,2023-04-20,10
887,2023-05-20,10
887,2023-06-19,10
887,2023-07-19,10
887,2023-08-18,10
887,2023-09-17,10
887,2023-10-17,10
887,2023-11-16,10
888,2023-04-23,10
889,2023-04-02,10
889,2023-05-02,10
889,2023-06-01,10
889,2023-07-01,10
889,2023-07-31,10
890,2023-06-07,10
890,2023-07-07,10
890,2023-08-06,10
890,2023-09-05,10
890,2023-10-05,10
891,2023-04-27,10
891,2023-05-27,10
891,2023-06-26,10
891,2023-07-26,10
891,2023-08-25,10
891,2023-09-24,10
891,2023-10-24,10
891,2023-11-23,10
892,2023-01-22,10
892,2023-02-21,10
892,2023-03-23,10
893,2023-04-18,10
893,2023-05-18,10
893,2023-06-17,10
893,2023-07-17,10
893,2023-08-16,10
893,2023-09-15,10
893,2023-10-15,10
893,2023-11-14,10
893,2023-12-14,10
894,2023-01-05,10
894,2023-02-04,10
894,2023-03-06,10
894,2023-04-05,10
894,2023-05-05,10
894,2023-06-04,10
894,2023-07-04,10
894,2023-08-03,10
894,2023-09-02,10
895,2023-07-16,10
895,2023-08-15,10
895,2023-09-14,10
895,2023-10-14,10
895,2023-11-13,10
895,2023-12-13,10
896,2023-06-01,10
896,2023-07-01,10
896,2023-07-31,10
896,2023-08-30,10
896,2023-09-29,10
897,2023-01-27,10
897,2023-02-26,10
897,2023-03-28,10
897,2023-04-27,10
897,2023-05-27,10
897,2023-06-26,10
897,2023-07-26,10
897,2023-08-25,10
898,2023-05-05,10
898,2023-06-04,10
899,2023-05-01,10
899,2023-05-31,10
899,2023-06-30,10
900,2023-04-24,10
900,2023-05-24,10
900,2023-06-23,10
901,2023-07-13,10
901,2023-08-12,10
901,2023-09-11,10
901,2023-10-11,10
902,2023-05-16,10
902,2023-06-15,10
902,2023-07-15,10
902,2023-08-14,10
902,2023-09-13,10
902,2023-10-13,10
902,2023-11-12,10
902,2023-12-12,10
903,2023-02-02,10
904,2023-07-02,10
904,2023-08-01,10
905,2023-04-13,10
906,2023-04-29,10
906,2023-05-29,10
906,2023-06-28,10
906,2023-07-28,10
906,2023-08-27,10
906,2023-09-26,10
906,2023-10-26,10
906,2023-11-25,10
907,2023-06-10,10
907,2023-07-10,10
907,2023-08-09,10
907,2023-09-08,10
907,2023-10-08,10
908,2023-03-25,10
908,2023-04-24,10
908,2023-05-24,10
908,2023-06-23,10
908,2023-07-23,10
908,2023-08-22,10
908,2023-09-21,10
908,2023-10-21,10
908,2023-11-20,10
909,2023-07-07,10
909,2023-08-06,10
909,2023-09-05,10
909,2023-10-05,10
909,2023-11-04,10
909,2023-12-04,10
910,2023-06-19,10
910,2023-07-19,10
910,2023-08-18,10
910,2023-09-17,10
910,2023-10-17,10
910,2023-11-16,10
911,2023-04-30,10
911,2023-05-30,10
911,2023-06-29,10
911,2023-07-29,10
911,2023-08-28,10
912,2023-01-25,10
912,2023-02-24,10
913,2023-04-05,10
913,2023-05-05,10
913,2023-06-04,10
913,2023-07-04,10
913,2023-08-03,10
913,2023-09-02,10
914,2023-02-15,10
914,2023-03-17,10
914,2023-04-16,10
914,2023-05-16,10
914,2023-06-15,10
914,2023-07-15,10
914,2023-08-14,10
914,2023-09-13,10
915,2023-06-23,10
915,2023-07-23,10
915,2023-08-22,10
915,2023-09-21,10
915,2023-10-21,10
915,2023-11-20,10
916,2023-02-01,10
916,2023-03-03,10
916,2023-04-02,10
916,2023-05-02,10
917,2023-02-09,10
917,2023-03-11,10
917,2023-04-10,10
917,2023-05-10,10
918,2023-05-08,10
919,2023-05-29,10
919,2023-06-28,10
919,2023-07-28,10
919,2023-08-27,10
919,2023-09-26,10
919,2023-10-26,10
920,2023-05-16,10
920,2023-06-15,10
920,2023-07-15,10
920,2023-08-14,10
920,2023-09-13,10
920,2023-10-13,10
920,2023-11-12,10
920,2023-12-12,10
921,2023-04-16,10
921,2023-05-16,10
921,2023-06-15,10
921,2023-07-15,10
921,2023-08-14,10
921,2023-09-13,10
921,2023-10-13,10
922,2023-01-31,10
922,2023-03-02,10
922,2023-04-01,10
922,2023-05-01,10
922,2023-05-31,10
922,2023-06-30,10
923,2023-06-28,10
923,2023-07-28,10
924,2023-07-17,10
924,2023-08-16,10
924,2023-09-15,10
924,2023-10-15,10
925,2023-01-31,10
925,2023-03-02,10
925,2023-04-01,10
925,2023-05-01,10
925,2023-05-31,10
925,2023-06-30,10
925,2023-07-30,10
926,2023-01-28,10
926,2023-02-27,10
926,2023-03-29,10
926,2023-04-28,10
926,2023-05-28,10
926,2023-06-27,10
926,2023-07-27,10
927,2023-01-04,10
927,2023-02-03,10
927,2023-03-05,10
927,2023-04-04,10
927,2023-05-04,10
927,2023-06-03,10
927,2023-07-03,10
927,2023-08-02,10
928,2023-01-22,10
928,2023-02-21,10
928,2023-03-23,10
928,2023-04-22,10
929,2023-01-08,10
929,2023-02-07,10
929,2023-03-09,10
929,2023-04-08,10
929,2023-05-08,10
929,2023-06-07,10
930,2023-01-05,10
930,2023-02-04,10
930,2023-03-06,10
930,2023-04-05,10
930,2023-05-05,10
930,2023-06-04,10
930,2023-07-04,10
930,2023-08-03,10
930,2023-09-02,10
931,2023-02-25,10
931,2023-03-27,10
931,2023-04-26,10
931,2023-05-26,10
931,2023-06-25,10
931,2023-07-25,10
932,2023-01-30,10
933,2023-07-07,10
933,2023-08-06,10
933,2023-09-05,10
933,2023-10-05,10
933,2023-11-04,10
933,2023-12-04,10
934,2023-06-06,10
934,2023-07-06,10
934,2023-08-05,10
935,2023-02-26,10
935,2023-03-28,10
935,2023-04-27,10
935,2023-05-27,10
935,2023-06-26,10
935,2023-07-26,10
935,2023-08-25,10
935,2023-09-24,10
935,2023-10-24,10
936,2023-07-08,10
936,2023-08-07,10
936,2023-09-06,10
936,2023-10-06,10
936,2023-11-05,10
936,2023-12-05,10
937,2023-06-25,10
938,2023-01-29,10
938,2023-02-28,10
938,2023-03-30,10
938,2023-04-29,10
938,2023-05-29,10
939,2023-03-10,10
939,2023-04-09,10
939,2023-05-09,10
940,2023-05-10,10
940,2023-06-09,10
940,2023-07-09,10
940,2023-08-08,10
941,2023-02-20,10
941,2023-03-22,10
941,2023-04-21,10
941,2023-05-21,10
941,2023-06-20,10
942,2023-05-11,10
943,2023-02-27,10
943,2023-03-29,10
943,2023-04-28,10
943,2023-05-28,10
944,2023-03-13,10
944,2023-04-12,10
944,2023-05-12,10
944,2023-06-11,10
944,2023-07-11,10
945,2023-02-16,10
945,2023-03-18,10
945,2023-04-17,10
946,2023-07-05,10
947,2023-02-12,10
947,2023-03-14,10
947,2023-04-13,10
948,2023-07-10,10
948,2023-08-09,10
948,2023-09-08,10
948,2023-10-08,10
948,2023-11-07,10
948,2023-12-07,10
949,2023-03-20,10
949,2023-04-19,10
949,2023-05-19,10
950,2023-05-04,10
950,2023-06-03,10
951,2023-04-26,10
951,2023-05-26,10
951,2023-06-25,10
952,2023-02-07,10
952,2023-03-09,10
952,2023-04-08,10
952,2023-05-08,10
952,2023-06-07,10
952,2023-07-07,10
952,2023-08-06,10
952,2023-09-05,10
953,2023-01-10,10
954,2023-06-07,10
954,2023-07-07,10
954,2023-08-06,10
954,2023-09-05,10
954,2023-10-05,10
954,2023-11-04,10
954,2023-12-04,10
955,2023-04-15,10
955,2023-05-15,10
955,2023-06-14,10
955,2023-07-14,10
955,2023-08-13,10
955,2023-09-12,10
956,2023-03-11,10
956,2023-04-10,10
956,2023-05-10,10
957,2023-05-31,10
957,2023-06-30,10
957,2023-07-30,10
958,2023-07-05,10
958,2023-08-04,10
959,2023-02-02,10
959,2023-03-04,10
959,2023-04-03,10
959,2023-05-03,10
959,2023-06-02,10
959,2023-07-02,10
959,2023-08-01,10
959,2023-08-31,10
959,2023-09-30,10
960,2023-03-08,10
960,2023-04-07,10
960,2023-05-07,10
960,2023-06-06,10
960,2023-07-06,10
960,2023-08-05,10
960,2023-09-04,10
961,2023-02-28,10
961,2023-03-30,10
961,2023-04-29,10
961,2023-05-29,10
961,2023-06-28,10
961,2023-07-28,10
962,2023-06-03,10
962,2023-07-03,10
962,2023-08-02,10
962,2023-09-01,10
963,2023-04-27,10
963,2023-05-27,10
963,2023-06-26,10
963,2023-07-26,10
964,2023-04-01,10
964,2023-05-01,10
964,2023-05-31,10
964,2023-06-30,10
964,2023-07-30,10
964,2023-08-29,10
964,2023-09-28,10
964,2023-10-28,10
965,2023-03-30,10
965,2023-04-29,10
965,2023-05-29,10
966,2023-05-15,10
966,2023-06-14,10
966,2023-07-14,10
966,2023-08-13,10
966,2023-09-12,10
967,2023-07-02,10
967,2023-08-01,10
967,2023-08-31,10
967,2023-09-30,10
967,2023-10-30,10
968,2023-06-04,10
968,2023-07-04,10
968,2023-08-03,10
968,2023-09-02,10
968,2023-10-02,10
968,2023-11-01,10
968,2023-12-01,10
969,2023-03-26,10
969,2023-04-25,10
969,2023-05-25,10
969,2023-06-24,10
969,2023-07-24,10
969,2023-08-23,10
970,2023-03-29,10
971,2023-07-10,10
971,2023-08-09,10
971,2023-09-08,10
971,2023-10-08,10
971,2023-11-07,10
972,2023-06-28,10
972,2023-07-28,10
972,2023-08-27,10
972,2023-09-26,10
972,2023-10-26,10
972,2023-11-25,10
972,2023-12-25,10
973,2023-02-14,10
974,2023-01-02,10
974,2023-02-01,10
974,2023-03-03,10
975,2023-03-02,10
975,2023-04-01,10
975,2023-05-01,10
975,2023-05-31,10
975,2023-06-30,10
975,2023-07-30,10
975,2023-08-29,10
975,2023-09-28,10
975,2023-10-28,10
976,2023-03-16,10
976,2023-04-15,10
976,2023-05-15,10
976,2023-06-14,10
977,2023-05-15,10
977,2023-06-14,10
977,2023-07-14,10
977,2023-08-13,10
977,2023-09-12,10
977,2023-10-12,10
977,2023-11-11,10
977,2023-12-11,10
978,2023-04-25,10
978,2023-05-25,10
978,2023-06-24,10
978,2023-07-24,10
978,2023-08-23,10
978,2023-09-22,10
978,2023-10-22,10
978,2023-11-21,10
978,2023-12-21,10
979,2023-06-06,10
979,2023-07-06,10
979,2023-08-05,10
979,2023-09-04,10
979,2023-10-04,10
979,2023-11-03,10
979,2023-12-03,10
980,2023-02-17,10
981,2023-03-20,10
981,2023-04-19,10
981,2023-05-19,10
981,2023-06-18,10
981,2023-07-18,10
982,2023-03-25,10
982,2023-04-24,10
982,2023-05-24,10
982,2023-06-23,10
982,2023-07-23,10
982,2023-08-22,10
983,2023-02-12,10
983,2023-03-14,10
983,2023-04-13,10
983,2023-05-13,10
983,2023-06-12,10
983,2023-07-12,10
983,2023-08-11,10
984,2023-03-22,10
984,2023-04-21,10
984,2023-05-21,10
984,2023-06-20,10
984,2023-07-20,10
984,2023-08-19,10
984,2023-09-18,10
984,2023-10-18,10
984,2023-11-17,10
985,2023-07-16,10
985,2023-08-15,10
985,2023-09-14,10
985,2023-10-14,10
985,2023-11-13,10
985,2023-12-13,10
986,2023-06-27,10
986,2023-07-27,10
986,2023-08-26,10
986,2023-09-25,10
986,2023-10-25,10
986,2023-11-24,10
987,2023-03-14,10
987,2023-04-13,10
987,2023-05-13,10
987,2023-06-12,10
987,2023-07-12,10
987,2023-08-11,10
988,2023-06-29,10
988,2023-07-29,10
988,2023-08-28,10
988,2023-09-27,10
988,2023-10-27,10
988,2023-11-26,10
988,2023-12-26,10
989,2023-02-21,10
989,2023-03-23,10
989,2023-04-22,10
990,2023-04-01,10
990,2023-05-01,10
990,2023-05-31,10
990,2023-06-30,10
991,2023-04-17,10
991,2023-05-17,10
991,2023-06-16,10
991,2023-07-16,10
991,2023-08-15,10
991,2023-09-14,10
991,2023-10-14,10
991,2023-11-13,10
991,2023-12-13,10
992,2023-05-11,10
993,2023-02-16,10
993,2023-03-18,10
993,2023-04-17,10
993,2023-05-17,10
993,2023-06-16,10
993,2023-07-16,10
993,2023-08-15,10
994,2023-06-13,10
994,2023-07-13,10
994,2023-08-12,10
994,2023-09-11,10
994,2023-10-11,10
994,2023-11-10,10
994,2023-12-10,10
995,2023-07-01,10
995,2023-07-31,10
996,2023-05-22,10
996,2023-06-21,10
996,2023-07-21,10
996,2023-08-20,10
997,2023-06-07,10
997,2023-07-07,10
997,2023-08-06,10
997,2023-09-05,10
997,2023-10-05,10
997,2023-11-04,10
998,2023-06-12,10
998,2023-07-12,10
998,2023-08-11,10
998,2023-09-10,10
998,2023-10-10,10
998,2023-11-09,10
998,2023-12-09,10
999,2023-04-08,10
999,2023-05-08,10
999,2023-06-07,10
999,2023-07-07,10
999,2023-08-06,10
1000,2023-06-22,10
1000,2023-07-22,10
1000,2023-08-21,10
